DATE,open,high,low,close,Volume,Volume MA,YEAR
2018-01-01 23:00:00+00:00,19.32,19.32,19.32,19.32,0.0,0.0,2018
2018-01-02 23:00:00+00:00,19.325,19.325,19.325,19.325,0.0,0.0,2018
2018-01-03 23:00:00+00:00,19.2,19.2,19.2,19.2,0.0,0.0,2018
2018-01-04 23:00:00+00:00,18.915,18.915,18.915,18.915,0.0,0.0,2018
2018-01-07 23:00:00+00:00,19.05,19.05,19.05,19.05,0.0,0.0,2018
2018-01-08 23:00:00+00:00,19.435,19.435,19.435,19.435,0.0,0.0,2018
2018-01-09 23:00:00+00:00,19.325,19.325,19.325,19.325,0.0,0.0,2018
2018-01-10 23:00:00+00:00,19.32,19.32,19.32,19.32,0.0,0.0,2018
2018-01-11 23:00:00+00:00,19.805,19.805,19.805,19.805,0.0,0.0,2018
2018-01-14 23:00:00+00:00,18.9,18.9,18.9,18.9,0.0,0.0,2018
2018-01-16 23:00:00+00:00,18.44,18.44,18.44,18.44,0.0,0.0,2018
2018-01-17 23:00:00+00:00,18.35,18.35,18.35,18.35,0.0,0.0,2018
2018-01-18 23:00:00+00:00,18.19,18.19,18.19,18.19,0.0,0.0,2018
2018-01-21 23:00:00+00:00,18.545,18.545,18.545,18.545,0.0,0.0,2018
2018-01-22 23:00:00+00:00,18.2,18.2,18.2,18.2,0.0,0.0,2018
2018-01-23 23:00:00+00:00,17.79,17.79,17.79,17.79,0.0,0.0,2018
2018-01-24 23:00:00+00:00,17.78,17.78,17.78,17.78,0.0,0.0,2018
2018-01-25 23:00:00+00:00,17.71,17.71,17.71,17.71,0.0,0.0,2018
2018-01-28 23:00:00+00:00,17.42,17.42,17.42,17.42,0.0,0.0,2018
2018-01-29 23:00:00+00:00,17.295,17.295,17.295,17.295,0.0,0.0,2018
2018-01-30 23:00:00+00:00,17.88,17.88,17.88,17.88,0.0,0.0,2018
2018-01-31 23:00:00+00:00,18.15,18.15,18.15,18.15,0.0,0.0,2018
2018-02-01 23:00:00+00:00,18.16,18.16,18.16,18.16,0.0,0.0,2018
2018-02-04 23:00:00+00:00,17.59,17.59,17.59,17.59,0.0,0.0,2018
2018-02-05 23:00:00+00:00,17.88,17.88,17.88,17.88,0.0,0.0,2018
2018-02-06 23:00:00+00:00,18.155,18.155,18.155,18.155,0.0,0.0,2018
2018-02-07 23:00:00+00:00,17.74,17.74,17.74,17.74,0.0,0.0,2018
2018-02-08 23:00:00+00:00,17.9,17.9,17.9,17.9,0.0,0.0,2018
2018-02-11 23:00:00+00:00,17.95,17.95,17.95,17.95,0.0,0.0,2018
2018-02-12 23:00:00+00:00,18.305,18.305,18.305,18.305,0.0,0.0,2018
2018-02-13 23:00:00+00:00,18.075,18.075,18.075,18.075,0.0,0.0,2018
2018-02-14 23:00:00+00:00,17.79,17.79,17.79,17.79,0.0,0.0,2018
2018-02-15 23:00:00+00:00,18.165,18.165,18.165,18.165,0.0,0.0,2018
2018-02-18 23:00:00+00:00,19.77,19.77,19.77,19.77,0.0,0.0,2018
2018-02-20 23:00:00+00:00,19.78,19.78,19.78,19.78,0.0,0.0,2018
2018-02-21 23:00:00+00:00,19.94,19.94,19.94,19.94,0.0,0.0,2018
2018-02-22 23:00:00+00:00,17.925,17.925,17.925,17.925,5.0,0.25,2018
2018-02-25 23:00:00+00:00,17.5,17.5,17.5,17.5,10.0,0.75,2018
2018-02-26 23:00:00+00:00,17.51,17.51,17.51,17.51,10.0,1.25,2018
2018-02-27 23:00:00+00:00,17.35,17.35,17.35,17.35,0.0,1.25,2018
2018-02-28 23:00:00+00:00,17.56,17.56,17.56,17.56,50.0,3.75,2018
2018-03-01 23:00:00+00:00,17.805,17.805,17.805,17.805,0.0,3.75,2018
2018-03-04 23:00:00+00:00,17.515,17.515,17.515,17.515,0.0,3.75,2018
2018-03-05 23:00:00+00:00,17.7,17.7,17.7,17.7,0.0,3.75,2018
2018-03-06 23:00:00+00:00,17.83,17.83,17.83,17.83,0.0,3.75,2018
2018-03-07 23:00:00+00:00,18.315,18.315,18.315,18.315,0.0,3.75,2018
2018-03-08 23:00:00+00:00,18.94,18.94,18.94,18.94,40.0,5.75,2018
2018-03-11 22:00:00+00:00,19.71,19.71,19.71,19.71,50.0,8.25,2018
2018-03-12 22:00:00+00:00,19.465,19.465,19.465,19.465,0.0,8.25,2018
2018-03-13 22:00:00+00:00,18.555,18.615,18.555,18.615,0.0,8.25,2018
2018-03-14 22:00:00+00:00,18.8,18.8,18.8,18.8,10.0,8.75,2018
2018-03-15 22:00:00+00:00,18.655,18.655,18.655,18.655,25.0,10.0,2018
2018-03-18 22:00:00+00:00,18.7,18.7,18.7,18.7,0.0,10.0,2018
2018-03-19 22:00:00+00:00,19.175,19.175,19.175,19.175,0.0,10.0,2018
2018-03-20 22:00:00+00:00,19.39,19.39,19.39,19.39,5.0,10.25,2018
2018-03-21 22:00:00+00:00,19.01,19.01,19.01,19.01,5.0,10.5,2018
2018-03-22 22:00:00+00:00,17.955,17.955,17.955,17.955,25.0,11.5,2018
2018-03-25 22:00:00+00:00,17.745,17.745,17.745,17.745,25.0,12.25,2018
2018-03-26 22:00:00+00:00,18.195,18.195,18.195,18.195,25.0,13.0,2018
2018-03-27 22:00:00+00:00,18.16,18.16,18.16,18.16,25.0,14.25,2018
2018-03-28 22:00:00+00:00,18.225,18.225,18.225,18.225,25.0,13.0,2018
2018-04-01 22:00:00+00:00,18.225,18.225,18.225,18.225,25.0,14.25,2018
2018-04-02 22:00:00+00:00,18.04,18.04,18.04,18.04,25.0,15.5,2018
2018-04-03 22:00:00+00:00,18.185,18.185,18.185,18.185,25.0,16.75,2018
2018-04-04 22:00:00+00:00,18.13,18.13,18.13,18.13,25.0,18.0,2018
2018-04-05 22:00:00+00:00,18.18,18.18,18.18,18.18,25.0,19.25,2018
2018-04-08 22:00:00+00:00,18.645,18.645,18.645,18.645,25.0,18.5,2018
2018-04-09 22:00:00+00:00,18.84,18.84,18.84,18.84,25.0,17.25,2018
2018-04-10 22:00:00+00:00,19.255,19.255,19.255,19.255,25.0,18.5,2018
2018-04-11 22:00:00+00:00,19.215,19.215,19.215,19.215,25.0,19.75,2018
2018-04-12 22:00:00+00:00,19.57,19.57,19.57,19.57,25.0,20.5,2018
2018-04-15 22:00:00+00:00,19.35,19.35,19.35,19.35,25.0,20.5,2018
2018-04-16 22:00:00+00:00,19.015,19.015,19.015,19.015,25.0,21.75,2018
2018-04-17 22:00:00+00:00,19.31,19.31,19.31,19.31,25.0,23.0,2018
2018-04-18 22:00:00+00:00,19.52,19.86,19.52,19.86,20.0,23.75,2018
2018-04-19 22:00:00+00:00,19.835,19.835,19.8,19.8,10.0,24.0,2018
2018-04-22 22:00:00+00:00,19.89,19.89,19.89,19.89,0.0,22.75,2018
2018-04-23 22:00:00+00:00,19.635,19.675,19.625,19.675,20.0,22.5,2018
2018-04-24 22:00:00+00:00,19.79,19.79,19.79,19.79,5.0,21.5,2018
2018-04-25 22:00:00+00:00,20.105,20.105,20.105,20.105,5.0,20.5,2018
2018-04-26 22:00:00+00:00,20.195,20.195,20.195,20.195,5.0,19.5,2018
2018-04-29 22:00:00+00:00,20.56,20.56,20.56,20.56,5.0,18.5,2018
2018-04-30 22:00:00+00:00,20.095,20.095,20.095,20.095,5.0,17.5,2018
2018-05-01 22:00:00+00:00,19.865,19.865,19.865,19.865,5.0,16.5,2018
2018-05-02 22:00:00+00:00,19.95,19.95,19.95,19.95,5.0,15.5,2018
2018-05-03 22:00:00+00:00,20.42,20.42,20.42,20.42,5.0,14.5,2018
2018-05-06 22:00:00+00:00,20.42,20.42,20.42,20.42,5.0,13.5,2018
2018-05-07 22:00:00+00:00,20.6,20.6,20.6,20.6,5.0,12.5,2018
2018-05-08 22:00:00+00:00,21.135,21.135,20.84,20.845,20.0,12.25,2018
2018-05-09 22:00:00+00:00,21.005,21.005,21.005,21.005,0.0,11.0,2018
2018-05-10 22:00:00+00:00,21.265,21.265,21.265,21.265,10.0,10.25,2018
2018-05-13 22:00:00+00:00,21.625,21.625,21.625,21.625,0.0,9.0,2018
2018-05-14 22:00:00+00:00,21.54,21.54,21.54,21.54,30.0,9.25,2018
2018-05-15 22:00:00+00:00,21.395,21.67,21.395,21.67,10.0,8.5,2018
2018-05-16 22:00:00+00:00,22.3,22.3,22.3,22.3,0.0,7.5,2018
2018-05-17 22:00:00+00:00,22.055,22.055,22.055,22.055,0.0,7.0,2018
2018-05-20 22:00:00+00:00,22.375,22.375,22.375,22.375,0.0,7.0,2018
2018-05-21 22:00:00+00:00,22.905,22.905,22.905,22.905,0.0,6.0,2018
2018-05-22 22:00:00+00:00,22.715,22.715,22.715,22.715,0.0,5.75,2018
2018-05-23 22:00:00+00:00,22.695,22.695,22.695,22.695,0.0,5.5,2018
2018-05-24 22:00:00+00:00,21.93,21.93,21.93,21.93,10.0,5.75,2018
2018-05-27 22:00:00+00:00,22.74,22.74,22.74,22.74,10.0,6.0,2018
2018-05-29 22:00:00+00:00,23.03,23.03,23.03,23.03,10.0,6.25,2018
2018-05-30 22:00:00+00:00,22.58,22.58,22.58,22.58,10.0,6.5,2018
2018-05-31 22:00:00+00:00,21.775,21.775,21.775,21.775,10.0,6.75,2018
2018-06-03 22:00:00+00:00,21.905,21.905,21.905,21.905,10.0,7.0,2018
2018-06-04 22:00:00+00:00,21.43,21.43,21.43,21.43,10.0,7.25,2018
2018-06-05 22:00:00+00:00,21.32,21.32,21.32,21.32,10.0,7.5,2018
2018-06-06 22:00:00+00:00,21.665,21.665,21.665,21.665,10.0,7.0,2018
2018-06-07 22:00:00+00:00,21.54,21.54,21.54,21.54,10.0,7.5,2018
2018-06-10 22:00:00+00:00,21.35,21.35,21.35,21.35,10.0,7.5,2018
2018-06-11 22:00:00+00:00,21.785,21.785,21.785,21.785,10.0,8.0,2018
2018-06-12 22:00:00+00:00,22.38,22.38,22.38,22.38,10.0,7.0,2018
2018-06-13 22:00:00+00:00,22.355,22.355,22.355,22.355,10.0,7.0,2018
2018-06-14 22:00:00+00:00,22.355,22.355,21.75,21.75,10.0,7.5,2018
2018-06-17 22:00:00+00:00,22.14,22.14,22.14,22.14,10.0,8.0,2018
2018-06-18 22:00:00+00:00,21.695,21.695,21.695,21.695,1.0,8.05,2018
2018-06-19 22:00:00+00:00,21.5,21.5,21.5,21.5,1.0,8.1,2018
2018-06-20 22:00:00+00:00,21.545,21.545,21.545,21.545,1.0,8.15,2018
2018-06-21 22:00:00+00:00,21.655,21.655,21.655,21.655,10.0,8.65,2018
2018-06-24 22:00:00+00:00,21.63,21.63,21.545,21.545,10.0,8.65,2018
2018-06-25 22:00:00+00:00,21.45,21.45,21.45,21.45,20.0,9.15,2018
2018-06-26 22:00:00+00:00,21.935,22.03,21.935,22.03,10.0,9.15,2018
2018-06-27 22:00:00+00:00,21.955,21.955,21.955,21.955,0.0,8.65,2018
2018-06-28 22:00:00+00:00,21.875,21.875,21.875,21.875,0.0,8.15,2018
2018-07-01 22:00:00+00:00,22.24,22.24,22.24,22.24,0.0,7.65,2018
2018-07-02 22:00:00+00:00,22.26,22.26,22.26,22.26,0.0,7.15,2018
2018-07-03 22:00:00+00:00,22.465,22.465,22.465,22.465,0.0,6.65,2018
2018-07-05 22:00:00+00:00,22.355,22.355,22.355,22.355,0.0,6.15,2018
2018-07-08 22:00:00+00:00,22.73,22.73,22.73,22.73,0.0,5.65,2018
2018-07-09 22:00:00+00:00,22.73,22.73,22.73,22.73,0.0,5.15,2018
2018-07-10 22:00:00+00:00,22.58,22.58,22.58,22.58,0.0,4.65,2018
2018-07-11 22:00:00+00:00,21.97,21.97,21.97,21.97,0.0,4.15,2018
2018-07-12 22:00:00+00:00,22.265,22.265,22.265,22.265,0.0,3.65,2018
2018-07-15 22:00:00+00:00,22.02,22.02,22.02,22.02,0.0,3.15,2018
2018-07-16 22:00:00+00:00,21.85,21.85,21.85,21.85,0.0,2.65,2018
2018-07-17 22:00:00+00:00,22.14,22.14,22.14,22.14,0.0,2.6,2018
2018-07-18 22:00:00+00:00,22.3,22.3,22.155,22.155,10.0,3.05,2018
2018-07-19 22:00:00+00:00,21.875,21.875,21.875,21.875,0.0,3.0,2018
2018-07-22 22:00:00+00:00,22.03,22.03,22.03,22.03,0.0,2.5,2018
2018-07-23 22:00:00+00:00,22.095,22.095,22.095,22.095,0.0,2.0,2018
2018-07-24 22:00:00+00:00,22.17,22.17,22.17,22.17,0.0,1.0,2018
2018-07-25 22:00:00+00:00,22.215,22.215,22.215,22.215,0.0,0.5,2018
2018-07-26 22:00:00+00:00,22.08,22.08,22.08,22.08,10.0,1.0,2018
2018-07-29 22:00:00+00:00,22.19,22.19,22.19,22.19,0.0,1.0,2018
2018-07-30 22:00:00+00:00,22.115,22.115,22.115,22.115,10.0,1.5,2018
2018-07-31 22:00:00+00:00,21.93,21.93,21.93,21.93,0.0,1.5,2018
2018-08-01 22:00:00+00:00,22.0,22.0,21.935,21.935,5.0,1.75,2018
2018-08-02 22:00:00+00:00,22.26,22.26,22.26,22.26,0.0,1.75,2018
2018-08-05 22:00:00+00:00,22.5,22.5,22.5,22.5,0.0,1.75,2018
2018-08-06 22:00:00+00:00,22.8,22.8,22.61,22.61,10.0,2.25,2018
2018-08-07 22:00:00+00:00,22.675,22.675,22.6,22.6,15.0,3.0,2018
2018-08-08 22:00:00+00:00,22.775,22.8,22.715,22.715,10.0,3.5,2018
2018-08-09 22:00:00+00:00,22.625,22.88,22.595,22.88,15.0,4.25,2018
2018-08-12 22:00:00+00:00,23.5,23.5,23.5,23.5,15.0,5.0,2018
2018-08-13 22:00:00+00:00,23.78,23.78,23.725,23.725,5.0,5.25,2018
2018-08-14 22:00:00+00:00,23.525,23.525,23.47,23.52,20.0,6.25,2018
2018-08-15 22:00:00+00:00,23.88,23.88,23.835,23.835,50.0,8.25,2018
2018-08-16 22:00:00+00:00,24.16,24.185,24.155,24.155,10.0,8.75,2018
2018-08-19 22:00:00+00:00,23.915,24.18,23.82,24.18,20.0,9.75,2018
2018-08-20 22:00:00+00:00,24.405,24.405,24.405,24.405,0.0,9.75,2018
2018-08-21 22:00:00+00:00,24.725,24.725,24.41,24.45,15.0,10.5,2018
2018-08-22 22:00:00+00:00,24.825,24.825,24.71,24.76,10.0,11.0,2018
2018-08-23 22:00:00+00:00,24.875,24.975,24.875,24.975,10.0,11.0,2018
2018-08-26 22:00:00+00:00,25.41,25.41,25.41,25.41,0.0,11.0,2018
2018-08-27 22:00:00+00:00,25.6,25.6,25.6,25.6,13.0,11.15,2018
2018-08-28 22:00:00+00:00,26.02,26.02,26.02,26.02,1.0,11.2,2018
2018-08-29 22:00:00+00:00,26.205,26.205,26.205,26.205,0.0,10.95,2018
2018-08-30 22:00:00+00:00,26.025,26.025,25.835,25.835,0.0,10.95,2018
2018-09-02 22:00:00+00:00,26.965,26.965,26.665,26.71,50.0,13.45,2018
2018-09-04 22:00:00+00:00,27.02,27.02,27.02,27.02,0.0,12.95,2018
2018-09-05 22:00:00+00:00,27.42,27.455,27.41,27.455,10.0,12.7,2018
2018-09-06 22:00:00+00:00,28.025,28.025,27.99,27.99,10.0,12.7,2018
2018-09-09 22:00:00+00:00,28.59,29.125,28.54,29.125,30.0,13.45,2018
2018-09-10 22:00:00+00:00,28.27,28.78,28.25,28.78,15.0,13.45,2018
2018-09-11 22:00:00+00:00,27.64,28.145,27.46,27.495,73.0,16.85,2018
2018-09-12 22:00:00+00:00,27.335,27.375,26.655,26.81,94.0,20.55,2018
2018-09-13 22:00:00+00:00,27.025,27.11,26.785,26.93,85.0,22.3,2018
2018-09-16 22:00:00+00:00,28.195,28.195,27.815,28.075,90.0,26.3,2018
2018-09-17 22:00:00+00:00,27.585,27.585,27.275,27.41,65.0,28.55,2018
2018-09-18 22:00:00+00:00,27.735,28.38,27.735,28.32,25.0,29.8,2018
2018-09-19 22:00:00+00:00,28.83,29.07,28.59,28.59,95.0,33.8,2018
2018-09-20 22:00:00+00:00,28.105,28.79,28.055,28.725,85.0,37.55,2018
2018-09-23 22:00:00+00:00,29.49,29.56,29.245,29.245,75.0,40.8,2018
2018-09-24 22:00:00+00:00,29.495,29.495,29.495,29.495,0.0,40.8,2018
2018-09-25 22:00:00+00:00,29.085,29.095,28.525,28.56,90.0,44.65,2018
2018-09-26 22:00:00+00:00,28.1,28.48,27.76,27.89,35.0,46.35,2018
2018-09-27 22:00:00+00:00,27.9,27.9,27.33,27.33,73.0,50.0,2018
2018-09-30 22:00:00+00:00,26.735,27.445,26.585,27.445,68.0,53.4,2018
2018-10-01 22:00:00+00:00,27.86,27.86,27.255,27.255,7.0,51.25,2018
2018-10-02 22:00:00+00:00,27.115,27.115,27.115,27.115,0.0,51.25,2018
2018-10-03 22:00:00+00:00,27.47,27.47,27.47,27.47,0.0,50.75,2018
2018-10-04 22:00:00+00:00,27.9,27.9,27.9,27.9,0.0,50.25,2018
2018-10-07 22:00:00+00:00,27.22,27.22,27.22,27.22,0.0,48.75,2018
2018-10-08 22:00:00+00:00,26.835,26.835,26.835,26.835,0.0,48.0,2018
2018-10-09 22:00:00+00:00,26.625,26.625,26.22,26.22,15.0,45.1,2018
2018-10-10 22:00:00+00:00,25.925,25.925,25.76,25.76,10.0,40.9,2018
2018-10-11 22:00:00+00:00,26.63,26.63,26.63,26.63,0.0,36.65,2018
2018-10-14 22:00:00+00:00,27.05,27.05,26.625,26.625,10.0,32.65,2018
2018-10-15 22:00:00+00:00,26.33,26.33,26.33,26.33,10.0,29.9,2018
2018-10-16 22:00:00+00:00,25.625,25.94,25.625,25.94,2.0,28.75,2018
2018-10-17 22:00:00+00:00,26.025,26.025,26.025,26.025,0.0,24.0,2018
2018-10-18 22:00:00+00:00,26.86,26.86,26.86,26.86,0.0,19.75,2018
2018-10-21 22:00:00+00:00,26.115,26.115,26.115,26.115,0.0,16.0,2018
2018-10-22 22:00:00+00:00,25.665,25.665,25.665,25.665,0.0,16.0,2018
2018-10-23 22:00:00+00:00,25.26,25.26,25.26,25.26,0.0,11.5,2018
2018-10-24 22:00:00+00:00,24.865,24.865,24.865,24.865,0.0,9.75,2018
2018-10-25 22:00:00+00:00,24.81,24.81,24.81,24.81,0.0,6.1,2018
2018-10-28 22:00:00+00:00,25.155,25.155,25.155,25.155,0.0,2.7,2018
2018-10-29 22:00:00+00:00,24.42,24.42,24.42,24.42,0.0,2.35,2018
2018-10-30 22:00:00+00:00,24.335,24.335,24.335,24.335,0.0,2.35,2018
2018-10-31 22:00:00+00:00,23.975,23.975,23.65,23.65,5.0,2.6,2018
2018-11-01 22:00:00+00:00,23.905,24.285,23.905,24.285,10.0,3.1,2018
2018-11-04 23:00:00+00:00,23.81,23.81,23.81,23.81,0.0,3.1,2018
2018-11-05 23:00:00+00:00,23.625,23.895,23.625,23.895,15.0,3.85,2018
2018-11-06 23:00:00+00:00,24.33,24.445,24.33,24.42,20.0,4.1,2018
2018-11-07 23:00:00+00:00,24.63,24.63,24.43,24.43,5.0,3.85,2018
2018-11-08 23:00:00+00:00,24.76,24.76,24.325,24.325,15.0,4.6,2018
2018-11-11 23:00:00+00:00,25.625,25.955,25.625,25.955,47.0,6.45,2018
2018-11-12 23:00:00+00:00,26.235,26.58,26.235,26.52,85.0,10.2,2018
2018-11-13 23:00:00+00:00,26.26,26.475,26.26,26.28,30.0,11.6,2018
2018-11-14 23:00:00+00:00,26.15,26.72,26.15,26.675,60.0,14.6,2018
2018-11-15 23:00:00+00:00,26.725,26.725,25.65,25.955,55.0,17.35,2018
2018-11-18 23:00:00+00:00,24.31,24.39,24.15,24.15,10.0,17.85,2018
2018-11-19 23:00:00+00:00,24.43,24.5,24.265,24.35,63.0,21.0,2018
2018-11-20 23:00:00+00:00,24.195,24.5,24.195,24.5,15.0,21.75,2018
2018-11-21 23:00:00+00:00,24.93,25.17,24.7,24.82,55.0,24.5,2018
2018-11-25 23:00:00+00:00,24.27,24.55,24.115,24.545,43.0,26.65,2018
2018-11-26 23:00:00+00:00,25.42,25.42,25.42,25.42,45.0,28.9,2018
2018-11-27 23:00:00+00:00,24.625,24.625,24.625,24.625,40.0,30.9,2018
2018-11-28 23:00:00+00:00,24.975,24.975,24.975,24.975,240.0,42.9,2018
2018-11-29 23:00:00+00:00,24.69,24.69,24.69,24.69,10.0,43.15,2018
2018-12-02 23:00:00+00:00,25.085,25.085,25.085,25.085,40.0,44.65,2018
2018-12-03 23:00:00+00:00,24.395,24.415,24.375,24.415,44.0,46.85,2018
2018-12-04 23:00:00+00:00,24.11,24.11,23.82,23.82,85.0,50.35,2018
2018-12-05 23:00:00+00:00,23.305,23.395,23.135,23.165,50.0,51.85,2018
2018-12-06 23:00:00+00:00,22.84,23.175,22.84,23.145,64.0,54.8,2018
2018-12-09 23:00:00+00:00,23.265,23.3,23.25,23.25,30.0,55.55,2018
2018-12-10 23:00:00+00:00,23.545,23.63,23.545,23.62,45.0,55.45,2018
2018-12-11 23:00:00+00:00,24.05,24.19,23.92,23.92,30.0,52.7,2018
2018-12-12 23:00:00+00:00,24.375,24.375,24.225,24.225,20.0,52.2,2018
2018-12-13 23:00:00+00:00,24.665,24.79,24.645,24.645,30.0,50.7,2018
2018-12-16 23:00:00+00:00,24.65,24.68,24.65,24.68,25.0,49.2,2018
2018-12-17 23:00:00+00:00,24.035,24.035,23.725,23.73,70.0,52.2,2018
2018-12-18 23:00:00+00:00,24.21,24.21,24.21,24.21,30.0,50.55,2018
2018-12-19 23:00:00+00:00,24.605,24.605,24.605,24.605,45.0,52.05,2018
2018-12-20 23:00:00+00:00,24.65,24.9,24.65,24.9,60.0,52.3,2018
2018-12-23 23:00:00+00:00,24.735,24.76,24.245,24.245,56.0,52.95,2018
2018-12-25 23:00:00+00:00,24.325,24.325,24.325,24.325,0.0,50.7,2018
2018-12-26 23:00:00+00:00,23.445,23.445,23.41,23.41,40.0,50.7,2018
2018-12-27 23:00:00+00:00,23.63,23.655,22.895,22.9,35.0,40.45,2018
2018-12-30 23:00:00+00:00,22.26,22.26,21.98,21.98,10.0,40.45,2018
2019-01-01 23:00:00+00:00,22.28,22.55,22.145,22.475,20.0,39.45,2019
2019-01-02 23:00:00+00:00,22.215,22.255,22.115,22.255,10.0,37.75,2019
2019-01-03 23:00:00+00:00,22.845,22.955,22.81,22.93,40.0,35.5,2019
2019-01-06 23:00:00+00:00,21.91,21.91,21.47,21.53,35.0,34.75,2019
2019-01-07 23:00:00+00:00,22.165,22.165,22.09,22.09,10.0,32.05,2019
2019-01-08 23:00:00+00:00,22.515,22.515,21.72,21.72,20.0,31.55,2019
2019-01-09 23:00:00+00:00,21.705,21.705,21.675,21.675,5.0,29.55,2019
2019-01-10 23:00:00+00:00,22.39,22.39,22.085,22.255,75.0,31.8,2019
2019-01-13 23:00:00+00:00,21.91,21.91,21.675,21.675,45.0,33.05,2019
2019-01-14 23:00:00+00:00,22.035,22.035,21.945,22.0,20.0,32.55,2019
2019-01-15 23:00:00+00:00,22.3,22.3,22.005,22.005,20.0,32.3,2019
2019-01-16 23:00:00+00:00,22.64,23.135,22.64,22.995,30.0,30.3,2019
2019-01-17 23:00:00+00:00,22.84,23.015,22.525,22.605,90.0,33.3,2019
2019-01-20 23:00:00+00:00,21.805,21.885,21.605,21.815,125.0,37.3,2019
2019-01-22 23:00:00+00:00,22.225,22.3,22.13,22.19,45.0,36.55,2019
2019-01-23 23:00:00+00:00,21.72,21.815,21.28,21.28,80.0,37.75,2019
2019-01-24 23:00:00+00:00,20.525,20.785,20.525,20.785,5.0,38.0,2019
2019-01-27 23:00:00+00:00,20.5,20.5,20.5,20.5,0.0,36.0,2019
2019-01-28 23:00:00+00:00,20.27,20.57,20.27,20.56,20.0,35.25,2019
2019-01-29 23:00:00+00:00,20.71,20.71,20.15,20.15,20.0,35.75,2019
2019-01-30 23:00:00+00:00,19.665,19.85,19.665,19.85,5.0,35.0,2019
2019-01-31 23:00:00+00:00,19.3,19.3,19.3,19.3,0.0,34.5,2019
2019-02-03 23:00:00+00:00,19.355,19.355,19.355,19.355,0.0,32.5,2019
2019-02-04 23:00:00+00:00,19.14,19.14,19.14,19.14,0.0,30.75,2019
2019-02-05 23:00:00+00:00,19.075,19.15,18.915,18.915,120.0,36.25,2019
2019-02-06 23:00:00+00:00,19.185,19.185,18.86,18.91,64.0,38.45,2019
2019-02-07 23:00:00+00:00,18.515,18.515,18.265,18.265,10.0,38.7,2019
2019-02-10 23:00:00+00:00,17.825,18.125,17.75,18.055,420.0,55.95,2019
2019-02-11 23:00:00+00:00,18.0,18.0,17.785,17.785,65.0,56.95,2019
2019-02-12 23:00:00+00:00,17.8,18.02,17.8,18.02,95.0,60.7,2019
2019-02-13 23:00:00+00:00,18.165,18.165,17.755,17.755,31.0,61.25,2019
2019-02-14 23:00:00+00:00,18.1,18.1,18.1,18.1,0.0,59.75,2019
2019-02-17 23:00:00+00:00,17.75,17.83,17.705,17.705,10.0,55.75,2019
2019-02-19 23:00:00+00:00,18.145,18.145,18.145,18.145,0.0,49.5,2019
2019-02-20 23:00:00+00:00,17.52,17.52,17.52,17.52,0.0,47.25,2019
2019-02-21 23:00:00+00:00,17.38,17.38,17.38,17.38,75.0,47.0,2019
2019-02-24 23:00:00+00:00,17.19,17.19,17.19,17.19,30.0,48.25,2019
2019-02-25 23:00:00+00:00,17.225,17.225,17.225,17.225,30.0,49.75,2019
2019-02-26 23:00:00+00:00,17.685,17.685,17.685,17.685,25.0,50.0,2019
2019-02-27 23:00:00+00:00,17.815,17.815,17.815,17.815,40.0,51.0,2019
2019-02-28 23:00:00+00:00,17.32,17.32,17.32,17.32,0.0,50.75,2019
2019-03-03 23:00:00+00:00,17.375,17.5,17.375,17.4,65.0,54.0,2019
2019-03-04 23:00:00+00:00,17.475,17.475,17.175,17.18,355.0,71.75,2019
2019-03-05 23:00:00+00:00,17.025,17.05,16.85,16.85,105.0,77.0,2019
2019-03-06 23:00:00+00:00,16.95,16.95,16.75,16.87,145.0,78.25,2019
2019-03-07 23:00:00+00:00,16.85,16.85,16.72,16.73,390.0,94.55,2019
2019-03-10 22:00:00+00:00,16.7,16.7,16.59,16.625,65.0,97.3,2019
2019-03-11 22:00:00+00:00,16.425,16.525,16.05,16.21,780.0,115.3,2019
2019-03-12 22:00:00+00:00,15.725,15.725,15.725,15.725,5.0,112.3,2019
2019-03-13 22:00:00+00:00,15.825,15.825,15.6,15.605,189.0,117.0,2019
2019-03-14 22:00:00+00:00,15.485,15.485,15.25,15.25,75.0,119.2,2019
2019-03-17 22:00:00+00:00,14.9,15.175,14.9,14.98,971.0,167.75,2019
2019-03-18 22:00:00+00:00,15.2,15.25,14.975,15.005,130.0,173.75,2019
2019-03-19 22:00:00+00:00,15.075,15.215,15.075,15.215,20.0,174.75,2019
2019-03-20 22:00:00+00:00,14.92,14.92,14.55,14.565,90.0,179.25,2019
2019-03-21 22:00:00+00:00,14.425,14.455,14.355,14.455,40.0,177.5,2019
2019-03-24 22:00:00+00:00,14.185,14.185,14.175,14.185,20.0,177.0,2019
2019-03-25 22:00:00+00:00,14.42,14.49,14.39,14.405,35.0,177.25,2019
2019-03-26 22:00:00+00:00,14.935,14.95,14.925,14.925,95.0,180.75,2019
2019-03-27 22:00:00+00:00,14.405,14.405,14.405,14.405,0.0,178.75,2019
2019-03-28 22:00:00+00:00,14.225,14.225,14.215,14.215,10.0,179.25,2019
2019-03-31 22:00:00+00:00,13.845,13.845,13.845,13.845,0.0,176.0,2019
2019-04-01 22:00:00+00:00,13.455,13.455,13.455,13.455,5.0,158.5,2019
2019-04-02 22:00:00+00:00,13.7,14.19,13.7,14.19,20.0,154.25,2019
2019-04-03 22:00:00+00:00,14.6,14.805,14.6,14.805,20.0,148.0,2019
2019-04-04 22:00:00+00:00,16.635,16.635,16.635,16.635,10.0,129.0,2019
2019-04-07 22:00:00+00:00,16.575,16.95,15.965,15.965,40.0,127.75,2019
2019-04-08 22:00:00+00:00,16.755,16.755,16.755,16.755,0.0,88.75,2019
2019-04-09 22:00:00+00:00,15.73,15.73,15.73,15.73,5.0,88.75,2019
2019-04-10 22:00:00+00:00,15.55,15.995,15.55,15.995,41.0,81.35,2019
2019-04-11 22:00:00+00:00,15.895,15.9,15.8,15.855,30.0,79.1,2019
2019-04-14 22:00:00+00:00,15.64,15.64,15.01,15.01,31.0,32.1,2019
2019-04-15 22:00:00+00:00,14.85,14.85,14.835,14.835,10.0,26.1,2019
2019-04-16 22:00:00+00:00,15.195,15.195,15.195,15.195,0.0,25.1,2019
2019-04-17 22:00:00+00:00,15.0,15.0,14.46,14.46,10.0,21.1,2019
2019-04-21 22:00:00+00:00,14.46,14.46,14.46,14.46,0.0,19.1,2019
2019-04-22 22:00:00+00:00,14.105,14.5,14.105,14.42,35.0,19.85,2019
2019-04-23 22:00:00+00:00,14.425,14.425,14.265,14.265,10.0,18.6,2019
2019-04-24 22:00:00+00:00,14.57,14.57,14.57,14.57,0.0,13.85,2019
2019-04-25 22:00:00+00:00,14.405,14.405,14.405,14.405,0.0,13.85,2019
2019-04-28 22:00:00+00:00,14.675,14.675,14.485,14.485,10.0,13.85,2019
2019-04-29 22:00:00+00:00,14.425,14.425,14.39,14.39,5.0,14.1,2019
2019-04-30 22:00:00+00:00,14.1,14.1,14.05,14.055,25.0,15.1,2019
2019-05-01 22:00:00+00:00,14.365,14.365,14.365,14.365,0.0,14.1,2019
2019-05-02 22:00:00+00:00,14.565,14.565,14.565,14.565,0.0,13.1,2019
2019-05-05 22:00:00+00:00,14.335,14.335,14.335,14.335,0.0,12.6,2019
2019-05-06 22:00:00+00:00,14.325,14.325,14.125,14.155,35.0,12.35,2019
2019-05-07 22:00:00+00:00,14.175,14.35,14.15,14.32,15.0,13.1,2019
2019-05-08 22:00:00+00:00,14.455,14.455,14.455,14.455,0.0,12.85,2019
2019-05-09 22:00:00+00:00,13.995,13.995,13.995,13.995,0.0,10.8,2019
2019-05-12 22:00:00+00:00,13.76,13.76,13.76,13.76,0.0,9.3,2019
2019-05-13 22:00:00+00:00,13.785,13.785,13.785,13.785,0.0,7.75,2019
2019-05-14 22:00:00+00:00,13.855,13.855,13.855,13.855,0.0,7.25,2019
2019-05-15 22:00:00+00:00,13.385,13.385,13.385,13.385,0.0,7.25,2019
2019-05-16 22:00:00+00:00,12.935,12.935,12.855,12.855,4.0,6.95,2019
2019-05-19 22:00:00+00:00,12.905,12.905,12.905,12.905,0.0,6.95,2019
2019-05-20 22:00:00+00:00,12.6,12.705,12.6,12.705,10.0,5.7,2019
2019-05-21 22:00:00+00:00,12.885,12.885,12.65,12.65,10.0,5.7,2019
2019-05-22 22:00:00+00:00,12.595,12.595,12.595,12.595,0.0,5.7,2019
2019-05-23 22:00:00+00:00,12.435,12.435,12.25,12.25,15.0,6.45,2019
2019-05-26 22:00:00+00:00,12.53,12.53,12.53,12.53,0.0,5.95,2019
2019-05-28 22:00:00+00:00,12.44,12.44,12.265,12.265,5.0,5.95,2019
2019-05-29 22:00:00+00:00,11.775,11.775,11.775,11.775,10.0,5.2,2019
2019-05-30 22:00:00+00:00,11.205,11.205,11.205,11.205,5.0,5.45,2019
2019-06-02 22:00:00+00:00,11.1,11.1,11.1,11.1,0.0,5.45,2019
2019-06-03 22:00:00+00:00,11.91,11.91,11.91,11.91,0.0,5.45,2019
2019-06-04 22:00:00+00:00,11.6,11.6,11.6,11.6,5.0,3.95,2019
2019-06-05 22:00:00+00:00,11.32,11.32,11.105,11.105,55.0,5.95,2019
2019-06-06 22:00:00+00:00,11.245,11.52,11.245,11.52,50.0,8.45,2019
2019-06-09 22:00:00+00:00,11.65,11.805,11.65,11.805,50.0,10.95,2019
2019-06-10 22:00:00+00:00,11.48,11.48,11.2,11.2,20.0,11.95,2019
2019-06-11 22:00:00+00:00,11.205,11.205,11.14,11.14,10.0,12.45,2019
2019-06-12 22:00:00+00:00,11.52,11.63,11.35,11.395,35.0,14.2,2019
2019-06-13 22:00:00+00:00,11.35,11.35,11.32,11.32,15.0,14.95,2019
2019-06-16 22:00:00+00:00,11.355,11.57,11.28,11.57,25.0,16.0,2019
2019-06-17 22:00:00+00:00,11.4,11.4,11.035,11.035,49.0,18.45,2019
2019-06-18 22:00:00+00:00,10.485,10.485,10.485,10.485,0.0,17.95,2019
2019-06-19 22:00:00+00:00,10.15,10.15,10.15,10.15,0.0,17.45,2019
2019-06-20 22:00:00+00:00,9.8,10.355,9.775,10.355,70.0,20.95,2019
2019-06-23 22:00:00+00:00,10.2,10.2,10.2,10.2,5.0,20.45,2019
2019-06-24 22:00:00+00:00,10.47,10.47,10.47,10.47,0.0,20.45,2019
2019-06-25 22:00:00+00:00,10.195,10.265,10.195,10.265,10.0,20.7,2019
2019-06-26 22:00:00+00:00,10.175,10.25,9.9,10.085,45.0,22.45,2019
2019-06-27 22:00:00+00:00,9.75,10.115,9.75,10.115,35.0,23.95,2019
2019-06-30 22:00:00+00:00,10.57,10.675,10.25,10.365,170.0,32.45,2019
2019-07-01 22:00:00+00:00,10.65,10.855,10.225,10.225,130.0,38.95,2019
2019-07-02 22:00:00+00:00,10.375,10.375,10.175,10.295,150.0,46.2,2019
2019-07-03 22:00:00+00:00,10.575,11.245,10.255,11.215,170.0,51.95,2019
2019-07-07 22:00:00+00:00,11.105,12.075,11.105,11.88,1030.0,100.95,2019
2019-07-08 22:00:00+00:00,12.225,12.675,11.76,11.76,920.0,144.45,2019
2019-07-09 22:00:00+00:00,11.35,12.135,11.35,12.135,385.0,162.7,2019
2019-07-10 22:00:00+00:00,12.725,13.13,12.3,13.13,90.0,166.7,2019
2019-07-11 22:00:00+00:00,12.65,13.28,12.65,13.28,90.0,169.45,2019
2019-07-14 22:00:00+00:00,13.725,13.725,12.895,12.895,140.0,175.7,2019
2019-07-15 22:00:00+00:00,12.13,12.13,11.415,11.415,15.0,175.2,2019
2019-07-16 22:00:00+00:00,11.0,11.275,10.825,10.99,85.0,177.0,2019
2019-07-17 22:00:00+00:00,11.075,11.125,10.625,10.735,940.0,224.0,2019
2019-07-18 22:00:00+00:00,10.9,10.9,10.815,10.815,15.0,224.75,2019
2019-07-21 22:00:00+00:00,10.9,10.95,10.16,10.16,795.0,261.0,2019
2019-07-22 22:00:00+00:00,10.125,10.75,10.125,10.75,270.0,274.25,2019
2019-07-23 22:00:00+00:00,10.375,10.475,10.075,10.075,260.0,287.25,2019
2019-07-24 22:00:00+00:00,10.25,10.275,10.025,10.025,380.0,305.75,2019
2019-07-25 22:00:00+00:00,10.7,10.825,10.645,10.645,340.0,320.5,2019
2019-07-28 22:00:00+00:00,10.675,10.675,10.485,10.485,60.0,321.75,2019
2019-07-29 22:00:00+00:00,10.525,10.625,10.425,10.565,420.0,334.25,2019
2019-07-30 22:00:00+00:00,11.0,11.0,11.0,11.0,0.0,327.75,2019
2019-07-31 22:00:00+00:00,11.675,12.36,11.55,12.36,385.0,339.5,2019
2019-08-01 22:00:00+00:00,11.96,12.655,11.96,12.015,70.0,334.5,2019
2019-08-04 22:00:00+00:00,11.975,12.15,11.375,11.465,1090.0,337.5,2019
2019-08-05 22:00:00+00:00,11.175,11.25,10.875,10.95,855.0,334.25,2019
2019-08-06 22:00:00+00:00,11.0,11.41,10.9,11.41,480.0,339.0,2019
2019-08-07 22:00:00+00:00,11.25,12.075,11.2,12.075,425.0,355.75,2019
2019-08-08 22:00:00+00:00,12.05,12.2,11.795,12.025,125.0,357.5,2019
2019-08-11 22:00:00+00:00,11.95,12.05,11.38,11.42,255.0,363.25,2019
2019-08-12 22:00:00+00:00,11.45,11.86,11.45,11.86,285.0,376.75,2019
2019-08-13 22:00:00+00:00,11.5,11.6,11.18,11.18,235.0,384.25,2019
2019-08-14 22:00:00+00:00,11.15,11.25,11.075,11.225,130.0,343.75,2019
2019-08-15 22:00:00+00:00,11.175,11.35,10.925,10.955,106.0,348.3,2019
2019-08-18 22:00:00+00:00,10.8,11.1,10.76,10.785,217.0,319.4,2019
2019-08-19 22:00:00+00:00,11.3,11.305,11.215,11.215,50.0,308.4,2019
2019-08-20 22:00:00+00:00,11.2,11.7,11.2,11.415,510.0,320.9,2019
2019-08-21 22:00:00+00:00,11.275,11.375,10.98,10.99,160.0,309.9,2019
2019-08-22 22:00:00+00:00,10.825,10.825,10.585,10.585,41.0,294.95,2019
2019-08-25 22:00:00+00:00,10.315,10.315,10.315,10.315,0.0,291.95,2019
2019-08-26 22:00:00+00:00,12.2,12.2,11.945,11.945,105.0,276.2,2019
2019-08-27 22:00:00+00:00,12.075,12.075,12.045,12.045,50.0,278.7,2019
2019-08-28 22:00:00+00:00,13.035,13.035,13.035,13.035,15.0,260.2,2019
2019-08-29 22:00:00+00:00,12.795,12.795,12.795,12.795,10.0,257.2,2019
2019-09-01 22:00:00+00:00,11.95,12.125,11.675,12.1,995.0,252.45,2019
2019-09-03 22:00:00+00:00,12.15,12.15,11.96,11.96,75.0,213.45,2019
2019-09-04 22:00:00+00:00,11.8,12.235,11.8,12.235,325.0,205.7,2019
2019-09-05 22:00:00+00:00,12.175,12.35,12.1,12.35,245.0,196.7,2019
2019-09-08 22:00:00+00:00,12.675,12.675,12.235,12.235,411.0,211.0,2019
2019-09-09 22:00:00+00:00,12.35,14.405,12.35,14.405,276.0,212.05,2019
2019-09-10 22:00:00+00:00,14.05,14.495,14.05,14.355,50.0,200.3,2019
2019-09-11 22:00:00+00:00,14.545,14.545,14.465,14.465,50.0,191.05,2019
2019-09-12 22:00:00+00:00,15.65,15.65,14.71,14.71,47.0,186.9,2019
2019-09-15 22:00:00+00:00,15.155,15.335,15.155,15.335,12.0,182.2,2019
2019-09-16 22:00:00+00:00,14.175,14.175,13.44,13.44,70.0,174.85,2019
2019-09-17 22:00:00+00:00,12.8,12.8,12.435,12.435,20.0,173.35,2019
2019-09-18 22:00:00+00:00,12.255,12.255,12.255,12.255,35.0,149.6,2019
2019-09-19 22:00:00+00:00,12.575,12.71,12.575,12.71,50.0,144.1,2019
2019-09-22 22:00:00+00:00,12.245,12.245,12.245,12.245,0.0,142.05,2019
2019-09-23 22:00:00+00:00,12.175,12.6,12.175,12.34,40.0,144.05,2019
2019-09-24 22:00:00+00:00,16.515,16.525,16.495,16.495,65.0,142.05,2019
2019-09-25 22:00:00+00:00,16.55,16.815,16.55,16.8,20.0,140.55,2019
2019-09-26 22:00:00+00:00,16.85,16.85,16.69,16.69,20.0,140.8,2019
2019-09-29 22:00:00+00:00,16.68,16.69,16.39,16.39,20.0,141.3,2019
2019-09-30 22:00:00+00:00,16.25,16.76,16.185,16.76,200.0,101.55,2019
2019-10-01 22:00:00+00:00,16.3,16.3,15.925,16.005,195.0,107.55,2019
2019-10-02 22:00:00+00:00,16.0,16.225,15.85,16.01,305.0,106.55,2019
2019-10-03 22:00:00+00:00,16.35,16.5,15.75,15.77,160.0,102.3,2019
2019-10-06 22:00:00+00:00,15.2,15.505,15.2,15.505,215.0,92.5,2019
2019-10-07 22:00:00+00:00,15.65,15.7,15.425,15.64,760.0,116.7,2019
2019-10-08 22:00:00+00:00,15.3,15.925,15.3,15.575,1263.0,177.35,2019
2019-10-09 22:00:00+00:00,15.825,15.85,15.475,15.85,485.0,199.1,2019
2019-10-10 22:00:00+00:00,16.125,16.15,15.825,16.135,295.0,211.5,2019
2019-10-13 22:00:00+00:00,15.95,16.04,15.95,16.04,60.0,213.9,2019
2019-10-14 22:00:00+00:00,16.05,16.065,16.05,16.065,10.0,210.9,2019
2019-10-15 22:00:00+00:00,16.225,16.245,16.075,16.075,80.0,213.9,2019
2019-10-16 22:00:00+00:00,15.825,16.05,15.75,16.025,385.0,231.4,2019
2019-10-17 22:00:00+00:00,16.245,16.245,15.875,15.965,355.0,246.65,2019
2019-10-20 22:00:00+00:00,16.21,16.21,15.61,15.61,41.0,248.7,2019
2019-10-21 22:00:00+00:00,15.75,15.75,15.595,15.595,34.0,248.4,2019
2019-10-22 22:00:00+00:00,15.3,15.45,15.3,15.415,109.0,250.6,2019
2019-10-23 22:00:00+00:00,15.15,15.655,15.15,15.655,289.0,264.05,2019
2019-10-24 22:00:00+00:00,16.8,16.8,16.595,16.595,215.0,273.8,2019
2019-10-27 22:00:00+00:00,16.225,16.34,16.225,16.34,30.0,274.3,2019
2019-10-28 22:00:00+00:00,16.17,16.17,16.17,16.17,0.0,264.3,2019
2019-10-29 22:00:00+00:00,16.135,16.135,16.135,16.135,0.0,254.55,2019
2019-10-30 22:00:00+00:00,16.05,16.175,16.025,16.135,316.0,255.1,2019
2019-10-31 22:00:00+00:00,16.35,16.35,16.175,16.175,518.0,273.0,2019
2019-11-03 23:00:00+00:00,16.3,16.675,16.15,16.48,1052.0,314.85,2019
2019-11-04 23:00:00+00:00,16.75,16.905,16.7,16.79,1082.0,330.95,2019
2019-11-05 23:00:00+00:00,16.575,16.575,16.28,16.28,847.0,310.15,2019
2019-11-06 23:00:00+00:00,16.225,16.3,16.12,16.12,637.0,317.75,2019
2019-11-07 23:00:00+00:00,16.175,16.2,15.875,15.94,177.0,311.85,2019
2019-11-10 23:00:00+00:00,15.875,15.925,15.825,15.845,618.0,339.75,2019
2019-11-11 23:00:00+00:00,15.6,15.6,15.48,15.545,387.0,358.6,2019
2019-11-12 23:00:00+00:00,15.275,15.475,15.275,15.45,158.0,362.5,2019
2019-11-13 23:00:00+00:00,15.45,15.7,15.45,15.67,752.0,380.85,2019
2019-11-14 23:00:00+00:00,15.4,15.725,15.4,15.715,457.0,385.95,2019
2019-11-17 23:00:00+00:00,15.375,15.4,15.175,15.23,442.0,406.0,2019
2019-11-18 23:00:00+00:00,15.15,15.4,15.15,15.29,318.0,420.2,2019
2019-11-19 23:00:00+00:00,15.3,15.59,15.25,15.59,107.0,420.1,2019
2019-11-20 23:00:00+00:00,15.675,15.8,15.625,15.625,459.0,428.6,2019
2019-11-21 23:00:00+00:00,16.855,16.855,16.855,16.855,0.0,417.85,2019
2019-11-24 23:00:00+00:00,17.175,17.175,16.88,16.88,50.0,418.85,2019
2019-11-25 23:00:00+00:00,16.655,16.655,16.525,16.525,15.0,419.6,2019
2019-11-26 23:00:00+00:00,16.705,16.705,16.705,16.705,50.0,422.1,2019
2019-11-27 23:00:00+00:00,16.33,16.33,16.33,16.33,0.0,406.3,2019
2019-12-01 23:00:00+00:00,15.955,16.0,15.8,15.81,170.0,388.9,2019
2019-12-02 23:00:00+00:00,15.675,15.835,15.675,15.77,349.0,353.75,2019
2019-12-03 23:00:00+00:00,15.6,15.9,15.6,15.88,559.0,327.6,2019
2019-12-04 23:00:00+00:00,15.6,15.675,15.415,15.415,370.0,303.75,2019
2019-12-05 23:00:00+00:00,15.175,15.275,15.1,15.14,390.0,291.4,2019
2019-12-08 23:00:00+00:00,14.775,14.95,14.74,14.89,330.0,299.05,2019
2019-12-09 23:00:00+00:00,14.37,14.53,14.31,14.53,195.0,277.9,2019
2019-12-10 23:00:00+00:00,14.17,14.17,14.015,14.045,180.0,267.55,2019
2019-12-11 23:00:00+00:00,14.15,14.77,14.15,14.77,505.0,284.9,2019
2019-12-12 23:00:00+00:00,14.23,14.32,13.8,13.805,310.0,262.8,2019
2019-12-15 23:00:00+00:00,13.95,13.95,13.89,13.89,140.0,246.95,2019
2019-12-16 23:00:00+00:00,14.47,14.5,14.46,14.46,185.0,234.1,2019
2019-12-17 23:00:00+00:00,14.35,15.01,14.35,14.95,1025.0,269.45,2019
2019-12-18 23:00:00+00:00,14.4,15.005,14.4,15.005,449.0,286.55,2019
2019-12-19 23:00:00+00:00,14.075,14.235,14.025,14.235,94.0,268.3,2019
2019-12-22 23:00:00+00:00,13.21,13.21,13.025,13.025,60.0,271.3,2019
2019-12-23 23:00:00+00:00,12.61,12.61,12.605,12.605,15.0,269.55,2019
2019-12-25 23:00:00+00:00,12.9,12.9,12.9,12.9,0.0,268.8,2019
2019-12-26 23:00:00+00:00,13.04,13.04,13.04,13.04,0.0,266.3,2019
2019-12-29 23:00:00+00:00,12.62,12.62,12.62,12.62,5.0,266.55,2019
2019-12-30 23:00:00+00:00,12.05,12.05,12.05,12.05,0.0,258.05,2019
2020-01-01 23:00:00+00:00,12.435,12.46,12.075,12.075,440.0,262.6,2020
2020-01-02 23:00:00+00:00,12.405,12.985,12.405,12.985,245.0,246.9,2020
2020-01-05 23:00:00+00:00,12.695,12.7,12.28,12.28,30.0,229.9,2020
2020-01-06 23:00:00+00:00,11.95,12.15,11.865,11.93,515.0,236.15,2020
2020-01-07 23:00:00+00:00,11.835,12.05,11.825,11.965,640.0,251.65,2020
2020-01-08 23:00:00+00:00,11.925,12.25,11.925,12.18,1143.0,299.05,2020
2020-01-09 23:00:00+00:00,12.2,12.225,11.94,11.94,1150.0,347.55,2020
2020-01-12 23:00:00+00:00,12.15,12.15,12.055,12.055,395.0,342.05,2020
2020-01-13 23:00:00+00:00,12.025,12.025,11.305,11.305,70.0,330.05,2020
2020-01-14 23:00:00+00:00,11.275,11.3,11.18,11.18,115.0,328.8,2020
2020-01-15 23:00:00+00:00,11.425,11.425,11.015,11.115,185.0,328.8,2020
2020-01-16 23:00:00+00:00,11.05,11.05,10.93,10.93,145.0,284.8,2020
2020-01-19 23:00:00+00:00,10.665,10.945,10.6,10.775,275.0,276.1,2020
2020-01-21 23:00:00+00:00,10.66,10.66,10.37,10.455,486.0,295.7,2020
2020-01-22 23:00:00+00:00,10.375,10.45,10.23,10.43,255.0,305.45,2020
2020-01-23 23:00:00+00:00,10.63,10.63,10.455,10.455,145.0,311.95,2020
2020-01-26 23:00:00+00:00,10.505,10.585,10.475,10.525,110.0,317.45,2020
2020-01-27 23:00:00+00:00,10.775,10.775,10.775,10.775,0.0,317.45,2020
2020-01-28 23:00:00+00:00,10.32,10.38,10.085,10.16,210.0,327.7,2020
2020-01-29 23:00:00+00:00,9.835,9.835,9.83,9.835,30.0,329.2,2020
2020-01-30 23:00:00+00:00,9.975,10.01,9.755,9.755,15.0,307.95,2020
2020-02-02 23:00:00+00:00,9.6,9.6,9.19,9.21,170.0,304.2,2020
2020-02-03 23:00:00+00:00,9.285,9.385,9.1,9.365,335.0,319.45,2020
2020-02-04 23:00:00+00:00,9.435,9.435,9.28,9.315,90.0,298.2,2020
2020-02-05 23:00:00+00:00,8.925,9.195,8.925,9.15,197.0,276.05,2020
2020-02-06 23:00:00+00:00,9.22,9.22,8.985,9.07,55.0,221.65,2020
2020-02-09 23:00:00+00:00,8.775,8.775,8.575,8.645,140.0,171.15,2020
2020-02-10 23:00:00+00:00,8.5,8.65,8.5,8.555,135.0,158.15,2020
2020-02-11 23:00:00+00:00,8.575,8.765,8.575,8.72,65.0,157.9,2020
2020-02-12 23:00:00+00:00,8.575,8.89,8.575,8.89,176.0,160.95,2020
2020-02-13 23:00:00+00:00,8.925,8.925,8.88,8.88,20.0,152.7,2020
2020-02-16 23:00:00+00:00,9.2,9.49,9.2,9.38,205.0,155.7,2020
2020-02-18 23:00:00+00:00,9.225,9.57,9.225,9.57,120.0,147.95,2020
2020-02-19 23:00:00+00:00,9.575,9.575,9.375,9.565,185.0,132.9,2020
2020-02-20 23:00:00+00:00,9.3,9.51,9.3,9.41,66.0,123.45,2020
2020-02-23 23:00:00+00:00,9.21,9.21,9.045,9.045,260.0,129.2,2020
2020-02-24 23:00:00+00:00,8.95,8.96,8.875,8.915,400.0,143.7,2020
2020-02-25 23:00:00+00:00,8.825,9.01,8.825,9.01,255.0,156.45,2020
2020-02-26 23:00:00+00:00,8.805,8.805,8.805,8.805,240.0,157.95,2020
2020-02-27 23:00:00+00:00,8.65,8.95,8.65,8.875,170.0,164.95,2020
2020-03-01 23:00:00+00:00,9.0,9.05,8.795,8.885,1622.0,245.3,2020
2020-03-02 23:00:00+00:00,9.02,9.21,9.02,9.17,448.0,259.2,2020
2020-03-03 23:00:00+00:00,8.975,9.055,8.825,8.91,2135.0,349.2,2020
2020-03-04 23:00:00+00:00,8.9,8.9,8.825,8.85,913.0,390.35,2020
2020-03-05 23:00:00+00:00,8.775,8.775,8.56,8.645,435.0,402.25,2020
2020-03-08 22:00:00+00:00,8.275,8.625,8.275,8.625,405.0,419.75,2020
2020-03-09 22:00:00+00:00,8.875,9.05,8.84,8.995,675.0,446.5,2020
2020-03-10 22:00:00+00:00,8.975,9.38,8.975,9.37,288.0,454.15,2020
2020-03-11 22:00:00+00:00,9.1,9.39,9.1,9.325,440.0,472.9,2020
2020-03-12 22:00:00+00:00,9.36,9.635,9.255,9.285,345.0,481.35,2020
2020-03-15 22:00:00+00:00,8.7,8.77,8.645,8.74,623.0,511.5,2020
2020-03-16 22:00:00+00:00,8.775,8.775,8.425,8.47,744.0,538.45,2020
2020-03-17 22:00:00+00:00,8.3,8.32,8.165,8.265,931.0,579.0,2020
2020-03-18 22:00:00+00:00,8.425,8.55,8.365,8.545,370.0,588.25,2020
2020-03-19 22:00:00+00:00,8.295,8.295,8.295,8.295,0.0,584.95,2020
2020-03-22 22:00:00+00:00,8.02,8.02,7.85,7.85,150.0,579.45,2020
2020-03-23 22:00:00+00:00,8.05,8.1,7.86,7.91,187.0,568.8,2020
2020-03-24 22:00:00+00:00,7.765,7.765,7.745,7.745,55.0,558.8,2020
2020-03-25 22:00:00+00:00,7.5,7.595,7.5,7.595,8.0,547.2,2020
2020-03-26 22:00:00+00:00,7.35,7.35,7.255,7.255,295.0,553.45,2020
2020-03-29 22:00:00+00:00,6.915,6.915,6.89,6.89,15.0,473.1,2020
2020-03-30 22:00:00+00:00,7.1,7.175,6.9,6.9,90.0,455.2,2020
2020-03-31 22:00:00+00:00,6.725,6.85,6.725,6.825,1020.0,399.45,2020
2020-04-01 22:00:00+00:00,7.275,7.275,6.86,6.935,405.0,374.05,2020
2020-04-02 22:00:00+00:00,6.825,7.025,6.775,6.92,436.0,374.1,2020
2020-04-05 22:00:00+00:00,6.8,7.4,6.8,7.285,85.0,358.1,2020
2020-04-06 22:00:00+00:00,7.4,7.5,7.285,7.285,160.0,332.35,2020
2020-04-07 22:00:00+00:00,7.3,7.4,7.26,7.26,490.0,342.45,2020
2020-04-08 22:00:00+00:00,7.475,7.525,7.235,7.28,205.0,330.7,2020
2020-04-12 22:00:00+00:00,7.28,7.28,7.28,7.28,0.0,313.45,2020
2020-04-13 22:00:00+00:00,7.175,7.175,6.865,6.875,176.0,291.1,2020
2020-04-14 22:00:00+00:00,6.825,6.85,6.65,6.65,355.0,271.65,2020
2020-04-15 22:00:00+00:00,6.98,6.98,6.905,6.905,40.0,227.1,2020
2020-04-16 22:00:00+00:00,7.18,7.18,6.96,6.995,435.0,230.35,2020
2020-04-19 22:00:00+00:00,6.735,6.735,6.62,6.62,20.0,231.35,2020
2020-04-20 22:00:00+00:00,6.6,6.6,6.305,6.315,245.0,236.1,2020
2020-04-21 22:00:00+00:00,6.125,6.49,6.125,6.225,301.0,241.8,2020
2020-04-22 22:00:00+00:00,6.15,6.15,6.04,6.055,105.0,244.3,2020
2020-04-23 22:00:00+00:00,6.23,6.23,6.16,6.16,30.0,245.4,2020
2020-04-26 22:00:00+00:00,6.24,6.24,6.24,6.24,62.0,233.75,2020
2020-04-27 22:00:00+00:00,6.45,6.45,6.41,6.41,15.0,233.75,2020
2020-04-28 22:00:00+00:00,6.545,6.545,6.3,6.31,70.0,232.75,2020
2020-04-29 22:00:00+00:00,6.325,6.33,6.2,6.22,55.0,184.5,2020
2020-04-30 22:00:00+00:00,6.2,6.2,5.735,5.845,1081.0,218.3,2020
2020-05-03 22:00:00+00:00,5.9,5.9,5.705,5.74,724.0,232.7,2020
2020-05-04 22:00:00+00:00,5.85,5.9,5.635,5.675,433.0,250.1,2020
2020-05-05 22:00:00+00:00,5.74,5.8,5.73,5.765,237.0,253.95,2020
2020-05-06 22:00:00+00:00,5.84,5.97,5.8,5.845,476.0,253.25,2020
2020-05-07 22:00:00+00:00,5.83,5.83,5.83,5.83,0.0,243.0,2020
2020-05-10 22:00:00+00:00,5.7,5.8,5.66,5.705,251.0,255.55,2020
2020-05-11 22:00:00+00:00,5.575,5.625,5.28,5.315,268.0,260.15,2020
2020-05-12 22:00:00+00:00,5.375,5.375,5.1,5.12,86.0,246.7,2020
2020-05-13 22:00:00+00:00,5.175,5.285,5.175,5.265,228.0,256.1,2020
2020-05-14 22:00:00+00:00,5.4,5.425,5.175,5.22,359.0,252.3,2020
2020-05-17 22:00:00+00:00,5.28,5.385,4.875,4.92,147.0,258.65,2020
2020-05-18 22:00:00+00:00,4.775,4.825,4.61,4.61,137.0,253.25,2020
2020-05-19 22:00:00+00:00,4.75,4.76,4.42,4.46,83.0,242.35,2020
2020-05-20 22:00:00+00:00,3.965,4.0,3.79,3.825,26.0,238.4,2020
2020-05-21 22:00:00+00:00,3.75,4.06,3.65,3.89,216.0,247.7,2020
2020-05-24 22:00:00+00:00,5.27,5.27,4.6,4.6,284.0,258.8,2020
2020-05-26 22:00:00+00:00,4.3,4.3,4.215,4.215,40.0,260.05,2020
2020-05-27 22:00:00+00:00,4.06,4.06,4.06,4.06,40.0,258.55,2020
2020-05-28 22:00:00+00:00,4.425,4.5,4.385,4.385,50.0,258.3,2020
2020-05-31 22:00:00+00:00,4.1,4.25,3.95,4.055,740.0,241.25,2020
2020-06-01 22:00:00+00:00,4.37,4.95,4.35,4.85,880.0,249.05,2020
2020-06-02 22:00:00+00:00,5.15,5.54,4.94,5.33,445.0,249.65,2020
2020-06-03 22:00:00+00:00,4.975,5.4,4.975,5.39,520.0,263.8,2020
2020-06-04 22:00:00+00:00,5.35,5.85,5.125,5.71,330.0,256.5,2020
2020-06-07 22:00:00+00:00,5.6,5.775,5.25,5.25,275.0,270.25,2020
2020-06-08 22:00:00+00:00,5.275,5.275,4.775,4.805,185.0,266.95,2020
2020-06-09 22:00:00+00:00,4.7,4.85,4.625,4.8,585.0,282.8,2020
2020-06-10 22:00:00+00:00,4.775,5.03,4.775,4.99,375.0,297.25,2020
2020-06-11 22:00:00+00:00,5.15,5.44,5.15,5.275,513.0,311.5,2020
2020-06-14 22:00:00+00:00,5.45,5.575,5.4,5.515,335.0,310.3,2020
2020-06-15 22:00:00+00:00,5.55,5.55,5.175,5.26,425.0,324.2,2020
2020-06-16 22:00:00+00:00,5.2,5.275,4.995,5.21,655.0,350.1,2020
2020-06-17 22:00:00+00:00,5.425,5.525,5.325,5.45,667.0,379.3,2020
2020-06-18 22:00:00+00:00,5.55,5.675,5.55,5.615,295.0,392.75,2020
2020-06-21 22:00:00+00:00,5.45,5.525,5.39,5.495,408.0,402.35,2020
2020-06-22 22:00:00+00:00,5.7,5.85,5.7,5.83,570.0,416.65,2020
2020-06-23 22:00:00+00:00,5.825,5.845,5.665,5.665,298.0,429.55,2020
2020-06-24 22:00:00+00:00,5.56,5.57,5.545,5.545,15.0,428.3,2020
2020-06-25 22:00:00+00:00,5.46,5.57,5.395,5.5,260.0,438.8,2020
2020-06-28 22:00:00+00:00,5.62,6.095,5.62,6.075,170.0,410.3,2020
2020-06-29 22:00:00+00:00,6.105,6.455,6.025,6.165,257.0,379.15,2020
2020-06-30 22:00:00+00:00,5.95,6.185,5.8,5.865,709.0,392.35,2020
2020-07-01 22:00:00+00:00,5.765,5.95,5.71,5.945,657.0,399.2,2020
2020-07-02 22:00:00+00:00,6.145,6.15,6.075,6.095,143.0,389.85,2020
2020-07-06 22:00:00+00:00,6.13,6.315,6.125,6.125,62.0,379.2,2020
2020-07-07 22:00:00+00:00,6.09,6.19,5.86,5.935,128.0,376.35,2020
2020-07-08 22:00:00+00:00,5.855,5.875,5.755,5.755,91.0,351.65,2020
2020-07-09 22:00:00+00:00,5.57,5.585,5.425,5.475,109.0,338.35,2020
2020-07-12 22:00:00+00:00,5.52,5.55,5.09,5.11,712.0,348.3,2020
2020-07-13 22:00:00+00:00,5.16,5.18,4.99,5.085,1222.0,392.65,2020
2020-07-14 22:00:00+00:00,5.35,5.395,5.225,5.225,123.0,377.55,2020
2020-07-15 22:00:00+00:00,5.09,5.11,5.0,5.06,163.0,352.95,2020
2020-07-16 22:00:00+00:00,5.16,5.165,5.065,5.115,612.0,350.2,2020
2020-07-19 22:00:00+00:00,4.95,4.98,4.71,4.73,250.0,347.95,2020
2020-07-20 22:00:00+00:00,4.9,4.975,4.765,4.79,519.0,353.5,2020
2020-07-21 22:00:00+00:00,4.82,4.915,4.725,4.83,292.0,339.6,2020
2020-07-22 22:00:00+00:00,4.925,5.125,4.925,4.985,220.0,335.7,2020
2020-07-23 22:00:00+00:00,5.025,5.04,4.895,5.01,133.0,341.6,2020
2020-07-26 22:00:00+00:00,4.95,5.01,4.785,4.785,224.0,339.8,2020
2020-07-27 22:00:00+00:00,5.45,5.64,5.45,5.64,65.0,334.55,2020
2020-07-28 22:00:00+00:00,5.9,5.9,5.79,5.865,120.0,327.7,2020
2020-07-29 22:00:00+00:00,5.87,6.125,5.87,5.985,115.0,298.0,2020
2020-07-30 22:00:00+00:00,6.0,6.025,6.0,6.025,30.0,266.65,2020
2020-08-02 22:00:00+00:00,6.33,7.0,6.33,6.8,255.0,272.25,2020
2020-08-03 22:00:00+00:00,7.185,7.425,7.13,7.355,565.0,297.4,2020
2020-08-04 22:00:00+00:00,7.37,7.405,7.28,7.32,228.0,302.4,2020
2020-08-05 22:00:00+00:00,7.75,7.95,7.75,7.94,48.0,300.25,2020
2020-08-06 22:00:00+00:00,7.55,8.3,7.55,7.93,107.0,300.15,2020
2020-08-09 22:00:00+00:00,8.28,8.28,7.59,7.59,65.0,267.8,2020
2020-08-10 22:00:00+00:00,7.495,7.935,7.415,7.415,209.0,217.15,2020
2020-08-11 22:00:00+00:00,7.175,7.175,7.0,7.17,196.0,220.8,2020
2020-08-12 22:00:00+00:00,7.4,7.48,7.285,7.31,137.0,219.5,2020
2020-08-13 22:00:00+00:00,7.45,8.15,7.38,8.02,325.0,205.15,2020
2020-08-16 22:00:00+00:00,8.26,8.51,8.15,8.18,95.0,197.4,2020
2020-08-17 22:00:00+00:00,8.225,8.72,8.225,8.55,145.0,178.7,2020
2020-08-18 22:00:00+00:00,8.815,8.85,8.23,8.355,51.0,166.65,2020
2020-08-19 22:00:00+00:00,8.325,8.375,8.15,8.15,578.0,184.55,2020
2020-08-20 22:00:00+00:00,7.975,7.975,7.47,7.62,95.0,182.65,2020
2020-08-23 22:00:00+00:00,8.125,8.365,8.05,8.36,444.0,193.65,2020
2020-08-24 22:00:00+00:00,9.895,10.36,9.895,10.325,31.0,191.95,2020
2020-08-25 22:00:00+00:00,10.82,10.82,10.635,10.635,70.0,189.45,2020
2020-08-26 22:00:00+00:00,10.725,10.725,10.26,10.26,323.0,199.85,2020
2020-08-27 22:00:00+00:00,11.125,11.175,11.125,11.17,20.0,199.35,2020
2020-08-30 22:00:00+00:00,11.24,11.24,11.24,11.24,0.0,186.6,2020
2020-08-31 22:00:00+00:00,11.2,11.835,11.2,11.295,376.0,177.15,2020
2020-09-01 22:00:00+00:00,11.4,11.4,10.995,11.11,116.0,171.55,2020
2020-09-02 22:00:00+00:00,11.515,11.8,11.5,11.735,373.0,187.8,2020
2020-09-03 22:00:00+00:00,12.105,12.105,11.68,11.68,63.0,185.6,2020
2020-09-06 22:00:00+00:00,11.4,11.4,10.79,10.8,436.0,204.15,2020
2020-09-08 22:00:00+00:00,10.6,10.95,10.6,10.735,250.0,206.2,2020
2020-09-09 22:00:00+00:00,10.85,10.87,10.465,10.515,433.0,218.05,2020
2020-09-10 22:00:00+00:00,10.4,10.495,10.37,10.495,110.0,216.7,2020
2020-09-13 22:00:00+00:00,10.725,10.8,10.65,10.705,150.0,207.95,2020
2020-09-14 22:00:00+00:00,10.85,10.895,10.815,10.895,45.0,205.45,2020
2020-09-15 22:00:00+00:00,11.2,11.445,11.2,11.32,100.0,203.2,2020
2020-09-16 22:00:00+00:00,11.515,11.515,11.12,11.12,115.0,206.4,2020
2020-09-17 22:00:00+00:00,11.105,11.475,11.105,11.475,50.0,180.0,2020
2020-09-20 22:00:00+00:00,11.5,11.51,11.425,11.495,75.0,179.0,2020
2020-09-21 22:00:00+00:00,11.33,11.795,11.26,11.705,130.0,163.3,2020
2020-09-22 22:00:00+00:00,11.77,12.04,11.77,12.02,190.0,171.25,2020
2020-09-23 22:00:00+00:00,11.95,11.95,11.635,11.635,175.0,176.5,2020
2020-09-24 22:00:00+00:00,12.96,13.16,12.96,13.16,25.0,161.6,2020
2020-09-27 22:00:00+00:00,13.82,13.82,13.82,13.82,70.0,164.1,2020
2020-09-28 22:00:00+00:00,13.905,13.905,13.625,13.625,410.0,184.6,2020
2020-09-29 22:00:00+00:00,13.31,13.31,13.16,13.285,35.0,167.55,2020
2020-09-30 22:00:00+00:00,13.35,13.405,13.11,13.18,510.0,187.25,2020
2020-10-01 22:00:00+00:00,12.875,13.13,12.815,13.025,565.0,196.85,2020
2020-10-04 22:00:00+00:00,13.385,13.44,13.25,13.42,150.0,201.2,2020
2020-10-05 22:00:00+00:00,13.225,13.365,13.225,13.305,90.0,183.9,2020
2020-10-06 22:00:00+00:00,13.425,13.71,13.425,13.71,30.0,172.9,2020
2020-10-07 22:00:00+00:00,13.75,14.05,13.75,13.9,50.0,153.75,2020
2020-10-08 22:00:00+00:00,13.73,13.87,13.705,13.755,55.0,151.0,2020
2020-10-11 22:00:00+00:00,13.61,13.84,13.61,13.84,15.0,144.25,2020
2020-10-12 22:00:00+00:00,13.69,13.7,13.49,13.595,345.0,159.25,2020
2020-10-13 22:00:00+00:00,13.74,13.945,13.74,13.87,65.0,157.5,2020
2020-10-14 22:00:00+00:00,14.175,14.24,13.9,14.24,555.0,179.5,2020
2020-10-15 22:00:00+00:00,14.525,14.65,14.425,14.5,65.0,180.25,2020
2020-10-18 22:00:00+00:00,14.65,14.75,14.65,14.72,70.0,180.0,2020
2020-10-19 22:00:00+00:00,14.56,14.98,14.56,14.895,1820.0,264.5,2020
2020-10-20 22:00:00+00:00,14.81,14.95,14.81,14.865,739.0,291.95,2020
2020-10-21 22:00:00+00:00,14.825,15.34,14.8,15.255,371.0,301.75,2020
2020-10-22 22:00:00+00:00,15.245,15.65,15.245,15.41,205.0,310.75,2020
2020-10-25 22:00:00+00:00,15.15,15.39,14.865,14.865,140.0,314.25,2020
2020-10-26 22:00:00+00:00,14.93,14.93,14.93,14.93,0.0,293.75,2020
2020-10-27 22:00:00+00:00,14.675,14.77,14.625,14.63,39.0,293.95,2020
2020-10-28 22:00:00+00:00,14.3,14.35,14.3,14.34,145.0,275.7,2020
2020-10-29 22:00:00+00:00,14.335,14.385,13.925,14.06,237.0,259.3,2020
2020-11-01 23:00:00+00:00,13.515,13.705,13.515,13.655,105.0,257.05,2020
2020-11-02 23:00:00+00:00,13.73,13.925,13.585,13.665,127.0,258.9,2020
2020-11-03 23:00:00+00:00,13.725,14.105,13.575,13.885,355.0,275.15,2020
2020-11-04 23:00:00+00:00,14.3,14.5,14.3,14.455,465.0,295.9,2020
2020-11-05 23:00:00+00:00,14.115,14.15,13.885,13.9,781.0,332.2,2020
2020-11-08 23:00:00+00:00,13.775,14.13,13.55,13.855,545.0,358.7,2020
2020-11-09 23:00:00+00:00,13.8,14.15,13.7,14.035,910.0,386.95,2020
2020-11-10 23:00:00+00:00,14.05,14.35,14.05,14.095,285.0,397.95,2020
2020-11-11 23:00:00+00:00,14.05,14.15,13.95,14.0,294.0,384.9,2020
2020-11-12 23:00:00+00:00,14.2,14.325,14.175,14.24,280.0,395.65,2020
2020-11-15 23:00:00+00:00,14.425,14.6,14.42,14.495,287.0,406.5,2020
2020-11-16 23:00:00+00:00,14.35,14.35,13.85,13.97,160.0,323.5,2020
2020-11-17 23:00:00+00:00,13.85,13.95,13.59,13.68,215.0,297.3,2020
2020-11-18 23:00:00+00:00,13.475,13.475,13.0,13.02,335.0,295.5,2020
2020-11-19 23:00:00+00:00,12.7,12.91,12.6,12.895,405.0,305.5,2020
2020-11-22 23:00:00+00:00,13.3,13.625,13.3,13.535,131.0,305.05,2020
2020-11-23 23:00:00+00:00,13.45,13.9,13.45,13.9,300.0,320.05,2020
2020-11-24 23:00:00+00:00,14.12,14.12,14.12,14.12,24.0,319.3,2020
2020-11-25 23:00:00+00:00,14.15,14.605,14.15,14.605,85.0,316.3,2020
2020-11-29 23:00:00+00:00,14.985,15.2,14.95,15.14,60.0,307.45,2020
2020-11-30 23:00:00+00:00,15.475,15.475,14.775,14.91,609.0,332.65,2020
2020-12-01 23:00:00+00:00,14.45,14.95,14.45,14.905,356.0,344.1,2020
2020-12-02 23:00:00+00:00,14.6,14.6,14.0,14.145,304.0,341.55,2020
2020-12-03 23:00:00+00:00,14.55,14.66,14.465,14.645,212.0,328.9,2020
2020-12-06 23:00:00+00:00,14.1,14.4,14.1,14.355,400.0,309.85,2020
2020-12-07 23:00:00+00:00,14.3,14.63,14.3,14.445,710.0,318.1,2020
2020-12-08 23:00:00+00:00,14.35,14.735,14.35,14.735,128.0,279.0,2020
2020-12-09 23:00:00+00:00,15.3,15.55,15.275,15.54,315.0,280.5,2020
2020-12-10 23:00:00+00:00,15.525,15.96,15.3,15.96,175.0,274.55,2020
2020-12-13 23:00:00+00:00,16.45,16.925,16.45,16.605,159.0,268.5,2020
2020-12-14 23:00:00+00:00,17.1,17.265,16.66,17.225,221.0,265.2,2020
2020-12-15 23:00:00+00:00,17.05,17.05,16.26,16.38,180.0,266.2,2020
2020-12-16 23:00:00+00:00,16.175,16.325,15.9,15.94,186.0,264.75,2020
2020-12-17 23:00:00+00:00,15.75,15.975,15.69,15.885,190.0,257.5,2020
2020-12-20 23:00:00+00:00,16.4,16.85,16.25,16.795,181.0,246.3,2020
2020-12-21 23:00:00+00:00,17.2,17.75,17.175,17.635,210.0,250.25,2020
2020-12-22 23:00:00+00:00,17.65,17.65,17.5,17.505,77.0,239.1,2020
2020-12-23 23:00:00+00:00,17.65,17.65,17.65,17.65,0.0,237.9,2020
2020-12-27 23:00:00+00:00,19.115,19.115,19.115,19.115,0.0,233.65,2020
2020-12-28 23:00:00+00:00,18.725,18.725,18.725,18.725,4.0,230.85,2020
2020-12-29 23:00:00+00:00,19.225,19.39,18.975,18.975,70.0,203.9,2020
2020-12-30 23:00:00+00:00,19.125,19.125,19.125,19.125,0.0,186.1,2020
2021-01-03 23:00:00+00:00,19.45,20.3,19.45,19.845,803.0,211.05,2021
2021-01-04 23:00:00+00:00,18.905,18.95,17.925,18.005,510.0,225.95,2021
2021-01-05 23:00:00+00:00,17.875,18.52,17.375,17.565,704.0,241.15,2021
2021-01-06 23:00:00+00:00,18.275,19.42,18.275,19.305,183.0,214.8,2021
2021-01-07 23:00:00+00:00,20.4,20.7,19.89,20.12,385.0,227.65,2021
2021-01-10 23:00:00+00:00,21.35,22.54,21.2,22.125,460.0,234.9,2021
2021-01-11 23:00:00+00:00,23.24,26.155,23.2,26.155,135.0,232.9,2021
2021-01-12 23:00:00+00:00,23.475,23.9,21.5,21.5,535.0,251.7,2021
2021-01-13 23:00:00+00:00,21.25,21.335,20.32,21.335,341.0,257.7,2021
2021-01-14 23:00:00+00:00,20.1,20.4,19.625,20.2,523.0,274.85,2021
2021-01-17 23:00:00+00:00,19.1,20.4,18.9,20.325,1048.0,317.95,2021
2021-01-19 23:00:00+00:00,21.4,21.6,19.935,20.26,683.0,342.6,2021
2021-01-20 23:00:00+00:00,19.825,20.5,19.55,20.065,433.0,355.2,2021
2021-01-21 23:00:00+00:00,20.75,21.5,20.75,21.485,936.0,391.5,2021
2021-01-24 23:00:00+00:00,22.15,22.15,20.05,20.16,1048.0,440.05,2021
2021-01-25 23:00:00+00:00,19.16,19.16,18.73,18.935,50.0,442.55,2021
2021-01-26 23:00:00+00:00,18.625,19.24,18.6,19.24,25.0,443.8,2021
2021-01-27 23:00:00+00:00,20.05,20.55,19.8,20.4,200.0,453.6,2021
2021-01-28 23:00:00+00:00,20.6,20.6,19.595,19.82,441.0,472.15,2021
2021-01-31 23:00:00+00:00,19.05,19.05,17.875,18.14,837.0,514.0,2021
2021-02-01 23:00:00+00:00,18.2,18.5,18.105,18.25,347.0,491.2,2021
2021-02-02 23:00:00+00:00,17.65,17.855,17.35,17.855,432.0,487.3,2021
2021-02-03 23:00:00+00:00,17.85,18.35,17.75,18.12,799.0,492.05,2021
2021-02-04 23:00:00+00:00,18.55,18.9,18.3,18.38,1046.0,535.2,2021
2021-02-07 23:00:00+00:00,20.375,20.375,19.6,20.18,481.0,540.0,2021
2021-02-08 23:00:00+00:00,18.855,19.305,18.75,19.045,581.0,546.05,2021
2021-02-09 23:00:00+00:00,18.85,19.025,18.45,18.56,505.0,564.55,2021
2021-02-10 23:00:00+00:00,18.15,18.15,17.375,17.375,1628.0,619.2,2021
2021-02-11 23:00:00+00:00,17.07,17.65,16.95,17.62,598.0,632.05,2021
2021-02-14 23:00:00+00:00,16.75,16.95,16.35,16.715,1306.0,671.2,2021
2021-02-16 23:00:00+00:00,17.15,17.3,16.4,16.54,1080.0,672.8,2021
2021-02-17 23:00:00+00:00,16.9,17.35,16.84,17.33,1001.0,688.7,2021
2021-02-18 23:00:00+00:00,17.325,17.45,16.465,16.555,773.0,705.7,2021
2021-02-21 23:00:00+00:00,16.25,16.25,15.825,15.96,499.0,683.85,2021
2021-02-22 23:00:00+00:00,16.075,16.11,16.075,16.11,175.0,640.2,2021
2021-02-23 23:00:00+00:00,16.1,16.26,16.1,16.26,336.0,654.5,2021
2021-02-24 23:00:00+00:00,16.14,16.14,15.75,15.825,431.0,674.8,2021
2021-02-25 23:00:00+00:00,15.95,15.975,15.55,15.695,436.0,686.6,2021
2021-02-28 23:00:00+00:00,16.0,16.1,15.925,16.08,362.0,682.65,2021
2021-03-01 23:00:00+00:00,16.005,16.03,15.8,15.87,601.0,670.85,2021
2021-03-02 23:00:00+00:00,15.6,15.68,15.5,15.525,457.0,676.35,2021
2021-03-03 23:00:00+00:00,15.59,15.975,15.575,15.93,527.0,681.1,2021
2021-03-04 23:00:00+00:00,15.85,16.45,15.775,16.365,580.0,670.15,2021
2021-03-07 23:00:00+00:00,16.55,16.55,16.125,16.15,745.0,655.1,2021
2021-03-08 23:00:00+00:00,16.375,16.975,16.375,16.925,462.0,654.15,2021
2021-03-09 23:00:00+00:00,17.15,17.7,17.15,17.63,589.0,654.55,2021
2021-03-10 23:00:00+00:00,17.475,18.155,17.475,18.125,1178.0,688.2,2021
2021-03-11 23:00:00+00:00,17.97,18.565,17.93,18.45,708.0,642.2,2021
2021-03-14 22:00:00+00:00,18.17,18.88,17.87,17.93,876.0,656.1,2021
2021-03-15 22:00:00+00:00,17.83,17.83,17.275,17.66,819.0,631.75,2021
2021-03-16 22:00:00+00:00,17.45,18.11,17.45,17.97,635.0,609.5,2021
2021-03-17 22:00:00+00:00,18.16,18.4,17.5,17.76,902.0,604.55,2021
2021-03-18 22:00:00+00:00,17.35,17.5,17.235,17.265,1135.0,622.65,2021
2021-03-21 22:00:00+00:00,17.27,18.075,17.27,18.045,1808.0,688.1,2021
2021-03-22 22:00:00+00:00,17.85,18.4,17.625,18.39,1755.0,767.1,2021
2021-03-23 22:00:00+00:00,18.65,18.825,18.025,18.59,1964.0,848.5,2021
2021-03-24 22:00:00+00:00,18.6,18.6,18.275,18.365,1494.0,901.65,2021
2021-03-25 22:00:00+00:00,18.435,18.47,18.395,18.445,1040.0,931.85,2021
2021-03-28 22:00:00+00:00,18.1,18.405,18.0,18.31,867.0,957.1,2021
2021-03-29 22:00:00+00:00,18.395,18.725,18.395,18.63,350.0,944.55,2021
2021-03-30 22:00:00+00:00,19.05,19.17,18.7,18.995,481.0,945.75,2021
2021-03-31 22:00:00+00:00,19.0,19.275,19.0,19.17,547.0,946.75,2021
2021-04-04 22:00:00+00:00,19.17,19.17,19.17,19.17,0.0,917.75,2021
2021-04-05 22:00:00+00:00,19.745,19.825,19.6,19.78,393.0,900.15,2021
2021-04-06 22:00:00+00:00,19.65,19.725,19.175,19.285,828.0,918.45,2021
2021-04-07 22:00:00+00:00,19.325,19.45,18.975,18.99,625.0,920.25,2021
2021-04-08 22:00:00+00:00,19.35,19.365,18.9,18.94,1182.0,920.45,2021
2021-04-11 22:00:00+00:00,19.395,19.725,19.26,19.65,1480.0,959.05,2021
2021-04-12 22:00:00+00:00,19.72,19.85,19.47,19.51,1163.0,973.4,2021
2021-04-13 22:00:00+00:00,19.6,19.775,19.6,19.68,2028.0,1033.85,2021
2021-04-14 22:00:00+00:00,19.9,20.385,19.85,20.26,600.0,1032.1,2021
2021-04-15 22:00:00+00:00,20.625,20.8,20.5,20.54,425.0,1008.25,2021
2021-04-18 22:00:00+00:00,20.875,21.12,20.85,20.94,1430.0,1023.0,2021
2021-04-19 22:00:00+00:00,20.85,21.335,20.675,21.065,1399.0,1002.55,2021
2021-04-20 22:00:00+00:00,21.015,21.25,20.85,21.11,2016.0,1015.6,2021
2021-04-21 22:00:00+00:00,21.3,21.54,21.3,21.37,456.0,940.2,2021
2021-04-22 22:00:00+00:00,20.8,20.8,19.71,20.045,180.0,874.5,2021
2021-04-25 22:00:00+00:00,20.2,20.46,19.975,20.0,952.0,870.1,2021
2021-04-26 22:00:00+00:00,19.845,21.61,19.845,21.385,747.0,864.1,2021
2021-04-27 22:00:00+00:00,21.765,21.95,21.45,21.525,695.0,881.35,2021
2021-04-28 22:00:00+00:00,21.55,22.53,21.55,22.485,221.0,868.35,2021
2021-04-29 22:00:00+00:00,22.965,23.32,22.73,23.285,770.0,879.5,2021
2021-05-02 22:00:00+00:00,23.815,23.815,23.815,23.815,0.0,879.5,2021
2021-05-03 22:00:00+00:00,24.105,24.105,22.995,23.05,715.0,895.6,2021
2021-05-04 22:00:00+00:00,23.4,23.965,23.325,23.96,625.0,885.45,2021
2021-05-05 22:00:00+00:00,24.13,24.95,24.13,24.33,1075.0,907.95,2021
2021-05-06 22:00:00+00:00,24.225,24.225,23.875,23.94,685.0,883.1,2021
2021-05-09 22:00:00+00:00,25.175,25.2,24.825,25.19,1090.0,863.6,2021
2021-05-10 22:00:00+00:00,24.8,25.995,24.75,25.805,970.0,853.95,2021
2021-05-11 22:00:00+00:00,26.44,26.45,25.8,26.42,1120.0,808.55,2021
2021-05-12 22:00:00+00:00,25.75,26.3,24.975,26.25,1365.0,846.8,2021
2021-05-13 22:00:00+00:00,26.35,26.875,26.35,26.83,665.0,858.8,2021
2021-05-16 22:00:00+00:00,26.1,26.63,25.7,26.31,1233.0,848.95,2021
2021-05-17 22:00:00+00:00,25.4,25.775,24.645,24.81,1313.0,844.65,2021
2021-05-18 22:00:00+00:00,24.05,24.125,22.57,22.665,1000.0,793.85,2021
2021-05-19 22:00:00+00:00,23.1,24.685,23.05,24.685,940.0,818.05,2021
2021-05-20 22:00:00+00:00,25.3,25.55,24.6,24.795,980.0,858.05,2021
2021-05-23 22:00:00+00:00,24.475,24.85,24.455,24.76,400.0,830.45,2021
2021-05-24 22:00:00+00:00,25.225,26.045,25.225,26.045,599.0,823.05,2021
2021-05-25 22:00:00+00:00,26.54,26.74,26.225,26.255,1504.0,863.5,2021
2021-05-26 22:00:00+00:00,25.225,25.28,24.825,25.035,540.0,879.45,2021
2021-05-27 22:00:00+00:00,25.1,25.2,24.62,24.93,403.0,861.1,2021
2021-05-30 22:00:00+00:00,25.18,26.23,25.18,25.975,765.0,899.35,2021
2021-06-01 22:00:00+00:00,25.7,26.1,25.28,25.725,1025.0,914.85,2021
2021-06-02 22:00:00+00:00,26.25,26.25,25.675,25.705,471.0,907.15,2021
2021-06-03 22:00:00+00:00,25.75,26.025,25.45,25.795,411.0,873.95,2021
2021-06-06 22:00:00+00:00,25.9,26.665,25.9,26.49,360.0,857.7,2021
2021-06-07 22:00:00+00:00,27.475,27.85,27.35,27.8,637.0,835.05,2021
2021-06-08 22:00:00+00:00,27.9,28.425,27.805,28.3,685.0,820.8,2021
2021-06-09 22:00:00+00:00,28.275,28.725,27.705,28.685,676.0,798.6,2021
2021-06-10 22:00:00+00:00,28.5,28.595,27.7,27.845,458.0,753.25,2021
2021-06-13 22:00:00+00:00,29.1,29.315,28.575,28.81,862.0,763.1,2021
2021-06-14 22:00:00+00:00,28.3,28.705,27.91,28.135,1007.0,751.8,2021
2021-06-15 22:00:00+00:00,28.0,28.775,27.74,28.03,1296.0,750.95,2021
2021-06-16 22:00:00+00:00,27.8,28.67,27.7,28.31,1079.0,754.9,2021
2021-06-17 22:00:00+00:00,28.935,29.61,28.8,29.405,604.0,738.1,2021
2021-06-20 22:00:00+00:00,29.97,30.2,29.305,29.615,698.0,724.0,2021
2021-06-21 22:00:00+00:00,30.05,30.835,29.99,30.735,591.0,733.55,2021
2021-06-22 22:00:00+00:00,31.35,31.685,30.565,31.545,551.0,731.15,2021
2021-06-23 22:00:00+00:00,31.55,32.025,31.41,32.015,949.0,703.4,2021
2021-06-24 22:00:00+00:00,31.9,32.145,31.655,32.145,75.0,680.15,2021
2021-06-27 22:00:00+00:00,31.625,32.225,31.625,32.061,617.0,690.85,2021
2021-06-28 22:00:00+00:00,32.575,33.625,32.575,33.238,474.0,676.3,2021
2021-06-29 22:00:00+00:00,33.875,34.925,33.74,34.622,1456.0,697.85,2021
2021-06-30 22:00:00+00:00,35.5,36.955,35.45,36.143,628.0,705.7,2021
2021-07-01 22:00:00+00:00,34.925,36.87,34.925,35.827,1207.0,745.5,2021
2021-07-04 22:00:00+00:00,37.25,38.365,33.08,34.105,1434.0,799.2,2021
2021-07-06 22:00:00+00:00,34.315,36.23,32.338,32.338,1153.0,825.0,2021
2021-07-07 22:00:00+00:00,32.29,33.875,31.47,33.312,1188.0,850.15,2021
2021-07-08 22:00:00+00:00,35.84,36.85,35.565,36.632,660.0,849.35,2021
2021-07-11 22:00:00+00:00,35.235,36.15,34.395,34.649,1144.0,883.65,2021
2021-07-12 22:00:00+00:00,34.305,35.835,34.145,35.463,939.0,887.5,2021
2021-07-13 22:00:00+00:00,34.835,35.175,33.405,34.775,624.0,868.35,2021
2021-07-14 22:00:00+00:00,34.2,34.605,33.61,33.797,464.0,826.75,2021
2021-07-15 22:00:00+00:00,35.1,35.525,34.6,34.842,463.0,795.95,2021
2021-07-18 22:00:00+00:00,36.45,36.81,35.615,35.649,421.0,786.8,2021
2021-07-19 22:00:00+00:00,35.095,35.315,34.625,35.165,521.0,777.95,2021
2021-07-20 22:00:00+00:00,35.5,36.2,35.46,35.949,370.0,766.9,2021
2021-07-21 22:00:00+00:00,35.675,36.435,35.65,36.129,585.0,768.6,2021
2021-07-22 22:00:00+00:00,35.815,35.94,35.1,35.523,534.0,747.85,2021
2021-07-25 22:00:00+00:00,36.14,37.025,35.91,36.914,173.0,752.75,2021
2021-07-26 22:00:00+00:00,37.7,37.735,37.415,37.575,328.0,738.3,2021
2021-07-27 22:00:00+00:00,38.005,39.85,38.005,39.657,354.0,732.3,2021
2021-07-28 22:00:00+00:00,40.14,41.22,40.14,41.122,348.0,676.9,2021
2021-07-29 22:00:00+00:00,40.51,40.855,39.42,40.756,389.0,664.95,2021
2021-08-01 22:00:00+00:00,42.1,42.69,41.815,42.153,1356.0,672.4,2021
2021-08-02 22:00:00+00:00,41.59,42.18,41.12,41.243,934.0,647.4,2021
2021-08-03 22:00:00+00:00,41.54,42.26,41.54,42.253,777.0,628.6,2021
2021-08-04 22:00:00+00:00,41.57,43.2,41.195,42.899,1263.0,632.35,2021
2021-08-05 22:00:00+00:00,43.9,44.57,42.675,43.118,1142.0,656.45,2021
2021-08-08 22:00:00+00:00,43.095,43.57,42.45,42.786,1221.0,660.3,2021
2021-08-09 22:00:00+00:00,44.39,45.025,44.215,44.655,886.0,657.65,2021
2021-08-10 22:00:00+00:00,44.975,46.525,44.575,45.986,515.0,652.2,2021
2021-08-11 22:00:00+00:00,46.15,46.525,45.325,45.871,768.0,667.4,2021
2021-08-12 22:00:00+00:00,44.415,45.4,44.375,44.628,759.0,682.2,2021
2021-08-15 22:00:00+00:00,46.25,48.215,46.25,47.988,421.0,682.2,2021
2021-08-16 22:00:00+00:00,46.855,47.975,46.675,46.949,519.0,682.1,2021
2021-08-17 22:00:00+00:00,46.395,47.525,42.795,45.385,630.0,695.1,2021
2021-08-18 22:00:00+00:00,44.375,44.48,40.1,40.395,799.0,705.8,2021
2021-08-19 22:00:00+00:00,41.57,42.625,40.9,41.944,520.0,705.1,2021
2021-08-22 22:00:00+00:00,42.275,43.535,40.61,41.68,587.0,725.8,2021
2021-08-23 22:00:00+00:00,43.625,45.07,43.625,44.87,160.0,717.4,2021
2021-08-24 22:00:00+00:00,46.49,46.49,45.085,45.594,165.0,707.95,2021
2021-08-25 22:00:00+00:00,45.895,46.149,45.895,46.149,144.0,697.75,2021
2021-08-26 22:00:00+00:00,47.23,48.255,46.77,48.011,203.0,688.45,2021
2021-08-29 22:00:00+00:00,48.85,49.679,48.7,49.679,90.0,625.15,2021
2021-08-30 22:00:00+00:00,48.58,50.47,48.58,50.338,200.0,588.45,2021
2021-08-31 22:00:00+00:00,52.25,52.9,49.6,50.232,2047.0,651.95,2021
2021-09-01 22:00:00+00:00,50.985,52.595,49.715,51.916,1321.0,654.85,2021
2021-09-02 22:00:00+00:00,51.8,52.55,51.29,51.505,1289.0,662.2,2021
2021-09-05 22:00:00+00:00,53.075,54.185,51.285,53.908,2163.0,709.3,2021
2021-09-07 22:00:00+00:00,54.175,55.575,53.56,55.288,1427.0,736.35,2021
2021-09-08 22:00:00+00:00,55.6,57.23,54.73,56.581,1055.0,763.35,2021
2021-09-09 22:00:00+00:00,56.0,57.995,55.775,57.916,1180.0,783.95,2021
2021-09-12 22:00:00+00:00,59.35,62.25,59.35,61.279,1017.0,796.85,2021
2021-09-13 22:00:00+00:00,64.55,66.395,64.55,65.764,1133.0,832.45,2021
2021-09-14 22:00:00+00:00,71.925,77.275,69.725,70.707,620.0,837.5,2021
2021-09-15 22:00:00+00:00,68.535,68.535,60.76,63.251,338.0,822.9,2021
2021-09-16 22:00:00+00:00,66.75,66.775,62.85,65.103,377.0,801.8,2021
2021-09-19 22:00:00+00:00,65.725,75.38,65.725,75.317,346.0,793.1,2021
2021-09-20 22:00:00+00:00,72.525,75.105,71.25,73.782,358.0,781.65,2021
2021-09-21 22:00:00+00:00,70.1,72.655,69.925,71.692,709.0,809.1,2021
2021-09-22 22:00:00+00:00,68.0,70.71,68.0,69.684,607.0,831.2,2021
2021-09-23 22:00:00+00:00,70.16,71.35,70.16,70.853,105.0,829.25,2021
2021-09-26 22:00:00+00:00,74.96,77.8,74.96,77.178,82.0,823.2,2021
2021-09-27 22:00:00+00:00,85.42,85.475,79.24,79.331,123.0,824.85,2021
2021-09-28 22:00:00+00:00,82.975,87.217,82.975,87.217,90.0,819.35,2021
2021-09-29 22:00:00+00:00,94.92,97.774,93.18,97.774,51.0,719.55,2021
2021-09-30 22:00:00+00:00,94.665,97.59,93.105,93.625,199.0,663.45,2021
2021-10-03 22:00:00+00:00,96.4,99.76,94.235,96.652,171.0,607.55,2021
2021-10-04 22:00:00+00:00,108.205,119.36,107.95,116.02,165.0,507.65,2021
2021-10-05 22:00:00+00:00,131.025,132.93,101.555,108.191,183.0,445.45,2021
2021-10-06 22:00:00+00:00,89.26,109.47,89.26,96.584,80.0,396.7,2021
2021-10-07 22:00:00+00:00,95.0,95.675,83.7,87.606,147.0,345.05,2021
2021-10-10 22:00:00+00:00,92.0,92.135,83.5,85.216,229.0,305.65,2021
2021-10-11 22:00:00+00:00,86.31,87.395,85.0,85.698,598.0,278.9,2021
2021-10-12 22:00:00+00:00,91.375,94.61,90.29,93.616,244.0,260.1,2021
2021-10-13 22:00:00+00:00,102.15,102.255,96.73,102.172,76.0,247.0,2021
2021-10-14 22:00:00+00:00,104.0,104.0,92.57,93.648,152.0,235.75,2021
2021-10-17 22:00:00+00:00,89.35,100.4,89.35,93.933,37.0,220.3,2021
2021-10-18 22:00:00+00:00,92.15,93.935,89.425,89.932,64.0,205.6,2021
2021-10-19 22:00:00+00:00,94.395,94.395,92.75,93.451,21.0,171.2,2021
2021-10-20 22:00:00+00:00,90.645,90.66,87.815,88.463,40.0,142.85,2021
2021-10-21 22:00:00+00:00,88.61,88.7,87.0,87.338,94.0,142.3,2021
2021-10-24 22:00:00+00:00,91.0,91.0,88.0,88.643,55.0,140.95,2021
2021-10-25 22:00:00+00:00,88.43,88.925,88.01,88.825,1034.0,186.5,2021
2021-10-26 22:00:00+00:00,87.4,87.4,87.162,87.162,8.0,182.4,2021
2021-10-27 22:00:00+00:00,78.74,80.9,75.6,77.354,54.0,182.55,2021
2021-10-28 22:00:00+00:00,72.62,72.62,64.864,64.864,22.0,173.7,2021
2021-10-31 22:00:00+00:00,63.59,65.75,63.59,65.619,10.0,165.65,2021
2021-11-01 22:00:00+00:00,65.175,70.665,62.84,67.606,55.0,160.15,2021
2021-11-02 22:00:00+00:00,73.52,80.045,73.52,76.542,70.0,154.5,2021
2021-11-03 22:00:00+00:00,77.525,77.525,72.815,73.376,55.0,153.25,2021
2021-11-04 22:00:00+00:00,73.16,74.64,73.03,74.027,75.0,149.65,2021
2021-11-07 23:00:00+00:00,80.77,80.77,77.005,79.074,53.0,140.85,2021
2021-11-08 23:00:00+00:00,76.5,76.9,72.587,72.587,30.0,112.45,2021
2021-11-09 23:00:00+00:00,66.71,70.37,64.505,70.123,55.0,103.0,2021
2021-11-10 23:00:00+00:00,72.0,75.1,72.0,74.79,14.0,99.9,2021
2021-11-11 23:00:00+00:00,77.77,77.77,74.06,75.675,30.0,93.8,2021
2021-11-14 23:00:00+00:00,78.295,82.095,78.285,79.947,50.0,94.45,2021
2021-11-15 23:00:00+00:00,84.38,94.189,84.38,94.189,64.0,94.45,2021
2021-11-16 23:00:00+00:00,97.99,99.85,95.004,95.004,50.0,95.9,2021
2021-11-17 23:00:00+00:00,93.6,95.3,91.365,95.167,36.0,95.7,2021
2021-11-18 23:00:00+00:00,91.125,91.125,86.0,87.125,6.0,91.3,2021
2021-11-21 23:00:00+00:00,84.25,86.02,81.95,84.017,61.0,91.6,2021
2021-11-22 23:00:00+00:00,86.95,91.4,86.95,90.927,35.0,41.65,2021
2021-11-23 23:00:00+00:00,93.85,93.984,93.85,93.984,6.0,41.55,2021
2021-11-24 23:00:00+00:00,94.02,94.555,88.122,88.122,22.0,39.95,2021
2021-11-28 23:00:00+00:00,92.965,93.445,92.965,93.445,10.0,39.35,2021
2021-11-29 23:00:00+00:00,98.0,98.0,92.513,92.513,27.0,40.2,2021
2021-11-30 23:00:00+00:00,92.6,95.675,92.6,95.675,289.0,51.9,2021
2021-12-01 23:00:00+00:00,91.6,94.83,89.2,94.83,169.0,56.85,2021
2021-12-02 23:00:00+00:00,91.59,92.05,89.478,89.478,93.0,58.75,2021
2021-12-05 23:00:00+00:00,86.6,90.275,86.6,89.928,92.0,59.6,2021
2021-12-06 23:00:00+00:00,95.0,95.883,94.595,95.883,244.0,69.15,2021
2021-12-07 23:00:00+00:00,98.6,103.835,98.6,101.502,364.0,85.85,2021
2021-12-08 23:00:00+00:00,98.5,104.35,97.17,100.445,416.0,103.9,2021
2021-12-09 23:00:00+00:00,101.605,107.75,100.83,105.776,243.0,115.35,2021
2021-12-12 23:00:00+00:00,115.4,118.625,112.44,116.084,474.0,137.55,2021
2021-12-13 23:00:00+00:00,118.95,129.065,116.775,128.301,635.0,166.8,2021
2021-12-14 23:00:00+00:00,131.1,132.405,120.6,132.284,1015.0,214.35,2021
2021-12-15 23:00:00+00:00,128.71,143.0,126.19,142.765,847.0,254.2,2021
2021-12-16 23:00:00+00:00,124.5,139.5,124.5,136.913,675.0,286.15,2021
2021-12-19 23:00:00+00:00,140.82,148.505,139.4,146.926,410.0,306.35,2021
2021-12-20 23:00:00+00:00,157.7,180.267,157.7,180.267,507.0,328.65,2021
2021-12-21 23:00:00+00:00,174.3,176.655,172.72,172.875,44.0,329.1,2021
2021-12-22 23:00:00+00:00,158.3,158.3,129.36,132.579,79.0,332.75,2021
2021-12-26 23:00:00+00:00,100.0,106.893,100.0,106.893,11.0,332.2,2021
2021-12-27 23:00:00+00:00,106.921,106.921,106.921,106.921,3.0,331.85,2021
2021-12-28 23:00:00+00:00,99.08,103.9,96.725,96.725,23.0,331.65,2021
2021-12-29 23:00:00+00:00,94.485,94.485,87.357,87.357,43.0,319.35,2021
2021-12-30 23:00:00+00:00,82.0,82.0,67.365,70.343,82.0,315.0,2021
2022-01-02 23:00:00+00:00,80.434,80.434,80.434,80.434,0.0,310.35,2022
2022-01-03 23:00:00+00:00,85.0,96.625,85.0,88.741,306.0,321.05,2022
2022-01-04 23:00:00+00:00,95.7,95.7,88.385,91.522,138.0,315.75,2022
2022-01-05 23:00:00+00:00,95.265,97.02,93.3,96.502,74.0,301.25,2022
2022-01-06 23:00:00+00:00,95.8,96.27,86.58,88.174,30.0,281.95,2022
2022-01-09 23:00:00+00:00,86.5,90.4,84.46,84.607,74.0,273.5,2022
2022-01-10 23:00:00+00:00,81.225,82.05,78.736,78.736,36.0,251.6,2022
2022-01-11 23:00:00+00:00,82.25,82.25,73.4,75.153,87.0,224.2,2022
2022-01-12 23:00:00+00:00,72.0,85.98,72.0,85.46,136.0,180.25,2022
2022-01-13 23:00:00+00:00,89.0,91.8,85.7,86.97,120.0,143.9,2022
2022-01-16 23:00:00+00:00,83.275,84.6,74.89,78.334,129.0,116.6,2022
2022-01-18 23:00:00+00:00,73.95,76.5,71.42,75.602,47.0,98.45,2022
2022-01-19 23:00:00+00:00,71.0,75.59,71.0,75.203,51.0,75.65,2022
2022-01-20 23:00:00+00:00,74.765,81.815,74.765,78.98,50.0,75.95,2022
2022-01-23 23:00:00+00:00,88.605,93.6,88.605,93.0,66.0,75.3,2022
2022-01-24 23:00:00+00:00,92.385,95.51,92.385,93.582,49.0,77.2,2022
2022-01-25 23:00:00+00:00,90.315,91.305,89.89,91.303,40.0,79.05,2022
2022-01-26 23:00:00+00:00,89.57,91.9,89.57,91.9,7.0,78.25,2022
2022-01-27 23:00:00+00:00,92.3,92.3,91.759,91.759,47.0,78.45,2022
2022-01-30 23:00:00+00:00,84.85,84.85,84.672,84.672,1.0,74.4,2022
2022-01-31 23:00:00+00:00,78.3,78.38,74.8,76.167,480.0,98.4,2022
2022-02-01 23:00:00+00:00,77.15,79.1,76.29,77.351,379.0,102.05,2022
2022-02-02 23:00:00+00:00,79.6,80.223,77.01,80.223,334.0,111.85,2022
2022-02-03 23:00:00+00:00,81.47,82.652,81.47,82.652,101.0,113.2,2022
2022-02-06 23:00:00+00:00,78.8,79.74,77.85,79.595,68.0,115.1,2022
2022-02-07 23:00:00+00:00,81.48,82.0,75.48,77.3,321.0,127.45,2022
2022-02-08 23:00:00+00:00,76.695,76.695,73.835,74.417,70.0,129.15,2022
2022-02-09 23:00:00+00:00,74.03,74.68,72.47,74.353,154.0,132.5,2022
2022-02-10 23:00:00+00:00,73.415,77.426,73.305,77.426,167.0,134.05,2022
2022-02-13 23:00:00+00:00,83.6,83.6,79.695,80.771,302.0,143.15,2022
2022-02-14 23:00:00+00:00,76.06,76.17,68.515,70.919,126.0,143.0,2022
2022-02-15 23:00:00+00:00,69.095,71.0,68.97,69.795,104.0,145.85,2022
2022-02-16 23:00:00+00:00,73.35,75.15,71.34,74.914,53.0,145.95,2022
2022-02-17 23:00:00+00:00,72.975,73.9,70.57,73.762,46.0,145.75,2022
2022-02-20 23:00:00+00:00,71.525,80.345,71.525,79.789,370.0,160.95,2022
2022-02-22 23:00:00+00:00,87.665,88.327,87.665,88.327,4.0,158.7,2022
2022-02-23 23:00:00+00:00,117.98,132.71,116.775,132.71,8.0,157.1,2022
2022-02-24 23:00:00+00:00,94.0,94.0,93.147,93.147,1.0,156.8,2022
2022-02-27 23:00:00+00:00,116.49,116.49,98.595,98.595,30.0,155.95,2022
2022-02-28 23:00:00+00:00,103.665,121.674,103.665,121.674,429.0,177.35,2022
2022-03-01 23:00:00+00:00,165.543,165.543,165.543,165.543,2.0,153.45,2022
2022-03-02 23:00:00+00:00,148.0,160.823,147.49,160.823,14.0,135.2,2022
2022-03-03 23:00:00+00:00,192.55,192.55,192.55,192.55,15.0,119.25,2022
2022-03-06 23:00:00+00:00,227.201,227.201,227.201,227.201,11.0,114.75,2022
2022-03-07 23:00:00+00:00,214.554,214.554,214.554,214.554,0.0,111.35,2022
2022-03-08 23:00:00+00:00,155.88,155.88,155.88,155.88,0.0,95.3,2022
2022-03-09 23:00:00+00:00,126.399,126.399,126.399,126.399,0.0,91.8,2022
2022-03-10 23:00:00+00:00,131.229,131.229,131.229,131.229,0.0,84.1,2022
2022-03-13 22:00:00+00:00,114.522,114.522,114.522,114.522,1.0,75.8,2022
2022-03-14 22:00:00+00:00,121.69,121.69,115.439,115.439,1.0,60.75,2022
2022-03-15 22:00:00+00:00,102.623,102.623,102.623,102.623,0.0,54.45,2022
2022-03-16 22:00:00+00:00,110.5,110.5,105.088,105.088,22.0,50.35,2022
2022-03-17 22:00:00+00:00,105.044,105.044,105.044,105.044,14.0,48.4,2022
2022-03-20 22:00:00+00:00,98.72,98.72,96.302,96.302,5.0,46.35,2022
2022-03-21 22:00:00+00:00,96.3,98.747,96.3,98.747,6.0,28.15,2022
2022-03-22 22:00:00+00:00,117.001,117.001,117.001,117.001,0.0,27.95,2022
2022-03-23 22:00:00+00:00,116.0,116.0,111.608,111.608,34.0,29.25,2022
2022-03-24 22:00:00+00:00,102.566,102.566,102.566,102.566,36.0,31.0,2022
2022-03-27 22:00:00+00:00,106.41,106.41,103.809,103.809,22.0,30.6,2022
2022-03-28 22:00:00+00:00,109.349,109.349,109.349,109.349,380.0,28.15,2022
2022-03-29 22:00:00+00:00,119.831,119.831,119.831,119.831,0.0,28.05,2022
2022-03-30 22:00:00+00:00,125.906,125.906,125.906,125.906,0.0,27.35,2022
2022-03-31 22:00:00+00:00,114.75,114.75,112.15,112.15,26.0,27.9,2022
2022-04-03 22:00:00+00:00,109.523,109.523,109.523,109.523,5.0,27.6,2022
2022-04-04 22:00:00+00:00,108.14,108.564,108.14,108.564,4.0,27.8,2022
2022-04-05 22:00:00+00:00,106.791,106.791,106.791,106.791,0.0,27.8,2022
2022-04-06 22:00:00+00:00,104.564,104.564,104.564,104.564,0.0,27.8,2022
2022-04-07 22:00:00+00:00,103.882,103.882,103.882,103.882,0.0,27.8,2022
2022-04-10 22:00:00+00:00,100.137,100.137,100.137,100.137,0.0,27.75,2022
2022-04-11 22:00:00+00:00,103.75,103.75,102.219,102.219,1.0,27.75,2022
2022-04-12 22:00:00+00:00,105.324,105.324,105.324,105.324,0.0,27.75,2022
2022-04-13 22:00:00+00:00,95.62,95.62,95.62,95.62,0.0,26.65,2022
2022-04-17 22:00:00+00:00,95.62,95.62,95.62,95.62,0.0,25.95,2022
2022-04-18 22:00:00+00:00,93.768,93.768,93.768,93.768,0.0,25.7,2022
2022-04-19 22:00:00+00:00,96.75,96.75,94.231,94.231,1.0,25.45,2022
2022-04-20 22:00:00+00:00,100.061,100.061,100.061,100.061,0.0,25.45,2022
2022-04-21 22:00:00+00:00,94.875,94.875,94.875,94.875,0.0,23.75,2022
2022-04-24 22:00:00+00:00,92.837,92.837,92.837,92.837,0.0,21.95,2022
2022-04-25 22:00:00+00:00,102.303,102.303,102.303,102.303,0.0,20.85,2022
2022-04-26 22:00:00+00:00,107.577,107.577,107.577,107.577,0.0,1.85,2022
2022-04-27 22:00:00+00:00,99.843,99.843,99.843,99.843,0.0,1.85,2022
2022-04-28 22:00:00+00:00,99.45,99.45,99.45,99.45,0.0,1.85,2022
2022-05-01 22:00:00+00:00,97.051,97.051,97.051,97.051,0.0,0.55,2022
2022-05-02 22:00:00+00:00,99.426,99.426,99.426,99.426,0.0,0.3,2022
2022-05-03 22:00:00+00:00,103.821,103.821,103.821,103.821,0.0,0.1,2022
2022-05-04 22:00:00+00:00,106.508,106.508,106.508,106.508,0.0,0.1,2022
2022-05-05 22:00:00+00:00,101.708,101.708,101.708,101.708,0.0,0.1,2022
2022-05-08 22:00:00+00:00,96.315,96.315,93.787,93.787,52.0,2.7,2022
2022-05-09 22:00:00+00:00,98.801,98.801,98.801,98.801,0.0,2.7,2022
2022-05-10 22:00:00+00:00,94.012,94.012,94.012,94.012,0.0,2.65,2022
2022-05-11 22:00:00+00:00,106.701,106.701,106.701,106.701,0.0,2.65,2022
2022-05-12 22:00:00+00:00,96.881,96.881,96.881,96.881,0.0,2.65,2022
2022-05-15 22:00:00+00:00,92.86,92.86,92.86,92.86,0.0,2.65,2022
2022-05-16 22:00:00+00:00,94.175,94.175,94.175,94.175,0.0,2.65,2022
2022-05-17 22:00:00+00:00,96.475,96.475,94.538,94.538,5.0,2.85,2022
2022-05-18 22:00:00+00:00,91.024,91.024,91.024,91.024,0.0,2.85,2022
2022-05-19 22:00:00+00:00,87.902,87.902,87.902,87.902,0.0,2.85,2022
2022-05-22 22:00:00+00:00,85.22,85.22,83.288,83.288,5.0,3.1,2022
2022-05-23 22:00:00+00:00,86.875,86.875,84.507,84.507,5.0,3.35,2022
2022-05-24 22:00:00+00:00,92.844,92.844,92.844,92.844,2.0,3.45,2022
2022-05-25 22:00:00+00:00,90.457,90.457,90.457,90.457,0.0,3.45,2022
2022-05-26 22:00:00+00:00,91.62,91.62,91.62,91.62,0.0,3.45,2022
2022-05-29 22:00:00+00:00,94.004,94.004,94.004,94.004,0.0,3.45,2022
2022-05-31 22:00:00+00:00,85.551,85.551,85.551,85.551,0.0,3.45,2022
2022-06-01 22:00:00+00:00,83.945,83.945,83.945,83.945,0.0,3.45,2022
2022-06-02 22:00:00+00:00,83.101,83.101,83.101,83.101,0.0,3.45,2022
2022-06-05 22:00:00+00:00,83.005,83.005,82.558,82.558,15.0,4.2,2022
2022-06-06 22:00:00+00:00,80.41,81.02,79.608,79.608,12.0,2.2,2022
2022-06-07 22:00:00+00:00,79.407,79.407,79.407,79.407,0.0,2.2,2022
2022-06-08 22:00:00+00:00,84.88,84.88,84.88,84.88,0.0,2.2,2022
2022-06-09 22:00:00+00:00,82.464,82.464,82.464,82.464,0.0,2.2,2022
2022-06-12 22:00:00+00:00,83.402,83.402,83.402,83.402,0.0,2.2,2022
2022-06-13 22:00:00+00:00,97.04,97.04,97.04,97.04,0.0,2.2,2022
2022-06-14 22:00:00+00:00,120.332,120.332,120.332,120.332,0.0,2.2,2022
2022-06-15 22:00:00+00:00,124.364,124.364,124.364,124.364,0.0,1.95,2022
2022-06-16 22:00:00+00:00,117.738,117.738,117.738,117.738,0.0,1.95,2022
2022-06-19 22:00:00+00:00,125.56,125.56,125.56,125.56,0.0,1.95,2022
2022-06-21 22:00:00+00:00,127.171,127.171,127.171,127.171,0.0,1.7,2022
2022-06-22 22:00:00+00:00,133.347,133.347,133.347,133.347,0.0,1.45,2022
2022-06-23 22:00:00+00:00,129.326,129.326,129.326,129.326,0.0,1.35,2022
2022-06-26 22:00:00+00:00,130.247,130.247,130.247,130.247,0.0,1.35,2022
2022-06-27 22:00:00+00:00,130.21,130.21,130.21,130.21,0.0,1.35,2022
2022-06-28 22:00:00+00:00,140.176,140.176,140.176,140.176,0.0,1.35,2022
2022-06-29 22:00:00+00:00,144.514,144.514,144.514,144.514,0.0,1.35,2022
2022-06-30 22:00:00+00:00,147.784,147.784,147.784,147.784,0.0,1.35,2022
2022-07-03 22:00:00+00:00,165.073,165.073,165.073,165.073,0.0,1.35,2022
2022-07-05 22:00:00+00:00,170.999,170.999,170.999,170.999,0.0,0.6,2022
2022-07-06 22:00:00+00:00,183.183,183.183,183.183,183.183,0.0,0.0,2022
2022-07-07 22:00:00+00:00,175.212,175.212,175.212,175.212,0.0,0.0,2022
2022-07-10 22:00:00+00:00,164.52,164.52,164.52,164.52,0.0,0.0,2022
2022-07-11 22:00:00+00:00,172.609,172.609,172.609,172.609,0.0,0.0,2022
2022-07-12 22:00:00+00:00,180.505,180.505,180.505,180.505,0.0,0.0,2022
2022-07-13 22:00:00+00:00,175.033,175.033,175.033,175.033,0.0,0.0,2022
2022-07-14 22:00:00+00:00,159.567,159.567,159.567,159.567,0.0,0.0,2022
2022-07-17 22:00:00+00:00,157.258,157.258,157.258,157.258,0.0,0.0,2022
2022-07-18 22:00:00+00:00,154.457,154.457,154.457,154.457,0.0,0.0,2022
2022-07-19 22:00:00+00:00,155.038,155.038,155.038,155.038,0.0,0.0,2022
2022-07-20 22:00:00+00:00,155.6,155.6,155.6,155.6,0.0,0.0,2022
2022-07-21 22:00:00+00:00,159.864,159.864,159.864,159.864,0.0,0.0,2022
2022-07-24 22:00:00+00:00,176.616,176.616,176.616,176.616,0.0,0.0,2022
2022-07-25 22:00:00+00:00,201.413,201.413,201.413,201.413,0.0,0.0,2022
2022-07-26 22:00:00+00:00,205.767,205.767,205.767,205.767,0.0,0.0,2022
2022-07-27 22:00:00+00:00,198.811,198.811,198.811,198.811,0.0,0.0,2022
2022-07-28 22:00:00+00:00,190.915,190.915,190.915,190.915,0.0,0.0,2022
2022-07-31 22:00:00+00:00,200.794,200.794,200.794,200.794,0.0,0.0,2022
2022-08-01 22:00:00+00:00,205.174,205.174,205.174,205.174,0.0,0.0,2022
2022-08-02 22:00:00+00:00,199.195,199.195,199.195,199.195,0.0,0.0,2022
2022-08-03 22:00:00+00:00,199.248,199.248,199.248,199.248,0.0,0.0,2022
2022-08-04 22:00:00+00:00,196.32,196.32,196.32,196.32,0.0,0.0,2022
2022-08-07 22:00:00+00:00,193.055,193.055,193.055,193.055,0.0,0.0,2022
2022-08-08 22:00:00+00:00,192.184,192.184,192.184,192.184,0.0,0.0,2022
2022-08-09 22:00:00+00:00,205.367,205.367,205.367,205.367,0.0,0.0,2022
2022-08-10 22:00:00+00:00,208.11,208.11,208.11,208.11,0.0,0.0,2022
2022-08-11 22:00:00+00:00,206.108,206.108,206.108,206.108,0.0,0.0,2022
2022-08-14 22:00:00+00:00,220.11,220.11,220.11,220.11,0.0,0.0,2022
2022-08-15 22:00:00+00:00,225.914,225.914,225.914,225.914,0.0,0.0,2022
2022-08-16 22:00:00+00:00,225.835,225.835,225.835,225.835,0.0,0.0,2022
2022-08-17 22:00:00+00:00,241.004,241.004,241.004,241.004,0.0,0.0,2022
2022-08-18 22:00:00+00:00,244.55,244.55,244.55,244.55,0.0,0.0,2022
2022-08-21 22:00:00+00:00,276.748,276.748,276.748,276.748,0.0,0.0,2022
2022-08-22 22:00:00+00:00,269.049,269.049,269.049,269.049,0.0,0.0,2022
2022-08-23 22:00:00+00:00,292.15,292.15,292.15,292.15,0.0,0.0,2022
2022-08-24 22:00:00+00:00,321.414,321.414,321.414,321.414,0.0,0.0,2022
2022-08-25 22:00:00+00:00,346.522,346.522,346.522,346.522,0.0,0.0,2022
2022-08-28 22:00:00+00:00,292.432,292.432,292.432,292.432,0.0,0.0,2022
2022-08-29 22:00:00+00:00,265.328,265.328,265.328,265.328,0.0,0.0,2022
2022-08-30 22:00:00+00:00,239.907,239.907,239.907,239.907,0.0,0.0,2022
